ID,graphml
paf0,"<graphml xmlns=""http://graphml.graphdrawing.org/xmlns"" xmlns:xsi=""http://www.w3.org/2001/XMLSchema-instance"" xsi:schemaLocation=""http://graphml.graphdrawing.org/xmlns http://graphml.graphdrawing.org/xmlns/1.0/graphml.xsd"">  <key id=""d1"" for=""edge"" attr.name=""weight"" attr.type=""long"" />  <key id=""d0"" for=""node"" attr.name=""names"" attr.type=""string"" />  <graph edgedefault=""undirected"">    <node id=""Cleon Ier"">      <data key=""d0"">CL&#201;ON Ier;Cleon Ier;Cl&#233;on;Empereur;Sire;empereur</data>    </node>    <node id=""Hari Seldon"">      <data key=""d0"">Hari Seldon;Seldon;h&#233;liconien;professeur</data>    </node>    <node id=""Eto Demerzel"">      <data key=""d0"">Demerzel;Eto Demerzel</data>    </node>    <node id=""Alban Wellis"">      <data key=""d0"">Alban Wellis;Wellis</data>    </node>    <node id=""Chetter Hummin"">      <data key=""d0"">Chetter Hummin;Hummin</data>    </node>    <edge source=""Cleon Ier"" target=""Hari Seldon"">      <data key=""d1"">124</data>    </edge>    <edge source=""Cleon Ier"" target=""Eto Demerzel"">      <data key=""d1"">64</data>    </edge>    <edge source=""Cleon Ier"" target=""Alban Wellis"">      <data key=""d1"">8</data>    </edge>    <edge source=""Cleon Ier"" target=""Chetter Hummin"">      <data key=""d1"">4</data>    </edge>    <edge source=""Hari Seldon"" target=""Eto Demerzel"">      <data key=""d1"">22</data>    </edge>    <edge source=""Hari Seldon"" target=""Alban Wellis"">      <data key=""d1"">3</data>    </edge>    <edge source=""Hari Seldon"" target=""Chetter Hummin"">      <data key=""d1"">8</data>    </edge>    <edge source=""Eto Demerzel"" target=""Alban Wellis"">      <data key=""d1"">6</data>    </edge>    <edge source=""Eto Demerzel"" target=""Chetter Hummin"">      <data key=""d1"">2</data>    </edge>  </graph></graphml>"
paf1,"<graphml xmlns=""http://graphml.graphdrawing.org/xmlns"" xmlns:xsi=""http://www.w3.org/2001/XMLSchema-instance"" xsi:schemaLocation=""http://graphml.graphdrawing.org/xmlns http://graphml.graphdrawing.org/xmlns/1.0/graphml.xsd"">  <key id=""d1"" for=""edge"" attr.name=""weight"" attr.type=""long"" />  <key id=""d0"" for=""node"" attr.name=""names"" attr.type=""string"" />  <graph edgedefault=""undirected"">    <node id=""Cleon Ier"">      <data key=""d0"">Cleon Ier;Cl&#233;on Ier;Empereur</data>    </node>    <node id=""Hari Seldon"">      <data key=""d0"">Hari Seldon;H&#233;liconien;Seldon</data>    </node>    <node id=""Daneel Olivaw"">      <data key=""d0"">Daneel Olivaw;partenaire</data>    </node>    <node id=""Alem"">      <data key=""d0"">Alem</data>    </node>    <node id=""Chetter Hummin"">      <data key=""d0"">Chetter Hummin;Hummin;journaliste</data>    </node>    <node id=""Eto Demerzel"">      <data key=""d0"">Demerzel;Eto Demerzel</data>    </node>    <edge source=""Cleon Ier"" target=""Hari Seldon"">      <data key=""d1"">6</data>    </edge>    <edge source=""Cleon Ier"" target=""Chetter Hummin"">      <data key=""d1"">6</data>    </edge>    <edge source=""Cleon Ier"" target=""Eto Demerzel"">      <data key=""d1"">4</data>    </edge>    <edge source=""Hari Seldon"" target=""Daneel Olivaw"">      <data key=""d1"">4</data>    </edge>    <edge source=""Hari Seldon"" target=""Alem"">      <data key=""d1"">45</data>    </edge>    <edge source=""Hari Seldon"" target=""Chetter Hummin"">      <data key=""d1"">112</data>    </edge>    <edge source=""Hari Seldon"" target=""Eto Demerzel"">      <data key=""d1"">17</data>    </edge>    <edge source=""Daneel Olivaw"" target=""Alem"">      <data key=""d1"">4</data>    </edge>    <edge source=""Daneel Olivaw"" target=""Chetter Hummin"">      <data key=""d1"">2</data>    </edge>    <edge source=""Alem"" target=""Chetter Hummin"">      <data key=""d1"">29</data>    </edge>    <edge source=""Alem"" target=""Eto Demerzel"">      <data key=""d1"">1</data>    </edge>    <edge source=""Chetter Hummin"" target=""Eto Demerzel"">      <data key=""d1"">7</data>    </edge>  </graph></graphml>"
paf2,"<graphml xmlns=""http://graphml.graphdrawing.org/xmlns"" xmlns:xsi=""http://www.w3.org/2001/XMLSchema-instance"" xsi:schemaLocation=""http://graphml.graphdrawing.org/xmlns http://graphml.graphdrawing.org/xmlns/1.0/graphml.xsd"">  <key id=""d1"" for=""edge"" attr.name=""weight"" attr.type=""long"" />  <key id=""d0"" for=""node"" attr.name=""names"" attr.type=""string"" />  <graph edgedefault=""undirected"">    <node id=""Hari Seldon"">      <data key=""d0"">Hari Seldon;Seldon</data>    </node>    <node id=""Chetter Hummin"">      <data key=""d0"">Chetter Hummin;Hummin;journaliste</data>    </node>    <node id=""Cleon Ier"">      <data key=""d0"">Cleon Ier;Empereur</data>    </node>    <node id=""Eto Demerzel"">      <data key=""d0"">Demerzel;Eto Demerzel</data>    </node>    <edge source=""Hari Seldon"" target=""Chetter Hummin"">      <data key=""d1"">43</data>    </edge>    <edge source=""Hari Seldon"" target=""Cleon Ier"">      <data key=""d1"">5</data>    </edge>    <edge source=""Hari Seldon"" target=""Eto Demerzel"">      <data key=""d1"">5</data>    </edge>    <edge source=""Chetter Hummin"" target=""Cleon Ier"">      <data key=""d1"">4</data>    </edge>    <edge source=""Chetter Hummin"" target=""Eto Demerzel"">      <data key=""d1"">4</data>    </edge>    <edge source=""Cleon Ier"" target=""Eto Demerzel"">      <data key=""d1"">2</data>    </edge>  </graph></graphml>"
paf3,"<graphml xmlns=""http://graphml.graphdrawing.org/xmlns"" xmlns:xsi=""http://www.w3.org/2001/XMLSchema-instance"" xsi:schemaLocation=""http://graphml.graphdrawing.org/xmlns http://graphml.graphdrawing.org/xmlns/1.0/graphml.xsd"">  <key id=""d1"" for=""edge"" attr.name=""weight"" attr.type=""long"" />  <key id=""d0"" for=""node"" attr.name=""names"" attr.type=""string"" />  <graph edgedefault=""undirected"">    <node id=""Dors Venabili"">      <data key=""d0"">DORS;Dors;Dors Venabili;VENABILI;Venabili</data>    </node>    <node id=""Hari Seldon"">      <data key=""d0"">Hari;Hari Seldon;Seldon;professeur</data>    </node>    <node id=""Chetter Hummin"">      <data key=""d0"">Chetter;Chetter Hummin;Hummin</data>    </node>    <node id=""Eto Demerzel"">      <data key=""d0"">Demerzel;Eto Demerzel</data>    </node>    <node id=""Poldark"">      <data key=""d0"">Poldark</data>    </node>    <node id=""Cleon Ier"">      <data key=""d0"">Cleon Ier;Cl&#233;on;Empereur;Sire</data>    </node>    <edge source=""Dors Venabili"" target=""Hari Seldon"">      <data key=""d1"">48</data>    </edge>    <edge source=""Dors Venabili"" target=""Chetter Hummin"">      <data key=""d1"">10</data>    </edge>    <edge source=""Dors Venabili"" target=""Poldark"">      <data key=""d1"">2</data>    </edge>    <edge source=""Dors Venabili"" target=""Cleon Ier"">      <data key=""d1"">3</data>    </edge>    <edge source=""Dors Venabili"" target=""Eto Demerzel"">      <data key=""d1"">2</data>    </edge>    <edge source=""Hari Seldon"" target=""Chetter Hummin"">      <data key=""d1"">40</data>    </edge>    <edge source=""Hari Seldon"" target=""Eto Demerzel"">      <data key=""d1"">21</data>    </edge>    <edge source=""Hari Seldon"" target=""Poldark"">      <data key=""d1"">3</data>    </edge>    <edge source=""Hari Seldon"" target=""Cleon Ier"">      <data key=""d1"">30</data>    </edge>    <edge source=""Chetter Hummin"" target=""Eto Demerzel"">      <data key=""d1"">4</data>    </edge>    <edge source=""Chetter Hummin"" target=""Cleon Ier"">      <data key=""d1"">5</data>    </edge>    <edge source=""Eto Demerzel"" target=""Cleon Ier"">      <data key=""d1"">94</data>    </edge>  </graph></graphml>"
paf4,"<graphml xmlns=""http://graphml.graphdrawing.org/xmlns"" xmlns:xsi=""http://www.w3.org/2001/XMLSchema-instance"" xsi:schemaLocation=""http://graphml.graphdrawing.org/xmlns http://graphml.graphdrawing.org/xmlns/1.0/graphml.xsd"">  <key id=""d1"" for=""edge"" attr.name=""weight"" attr.type=""long"" />  <key id=""d0"" for=""node"" attr.name=""names"" attr.type=""string"" />  <graph edgedefault=""undirected"">    <node id=""Hari Seldon"">      <data key=""d0"">Hari;Hari Seldon;Seldon</data>    </node>    <node id=""Chetter Hummin"">      <data key=""d0"">Chetter Hummin;Hummin</data>    </node>    <node id=""Lisung Randa"">      <data key=""d0"">Lisung;Lisung Randa</data>    </node>    <node id=""Kiangtow Randa"">      <data key=""d0"">Kiangtow Randa;Randa</data>    </node>    <node id=""Dors Venabili"">      <data key=""d0"">Dors;Dors Venabili</data>    </node>    <node id=""Jenarr Leggen"">      <data key=""d0"">Jenarr Leggen;Leggen</data>    </node>    <edge source=""Hari Seldon"" target=""Chetter Hummin"">      <data key=""d1"">9</data>    </edge>    <edge source=""Hari Seldon"" target=""Lisung Randa"">      <data key=""d1"">8</data>    </edge>    <edge source=""Hari Seldon"" target=""Kiangtow Randa"">      <data key=""d1"">30</data>    </edge>    <edge source=""Hari Seldon"" target=""Dors Venabili"">      <data key=""d1"">7</data>    </edge>    <edge source=""Hari Seldon"" target=""Jenarr Leggen"">      <data key=""d1"">22</data>    </edge>    <edge source=""Chetter Hummin"" target=""Lisung Randa"">      <data key=""d1"">1</data>    </edge>    <edge source=""Chetter Hummin"" target=""Kiangtow Randa"">      <data key=""d1"">1</data>    </edge>    <edge source=""Chetter Hummin"" target=""Dors Venabili"">      <data key=""d1"">1</data>    </edge>    <edge source=""Chetter Hummin"" target=""Jenarr Leggen"">      <data key=""d1"">1</data>    </edge>    <edge source=""Lisung Randa"" target=""Kiangtow Randa"">      <data key=""d1"">3</data>    </edge>    <edge source=""Lisung Randa"" target=""Dors Venabili"">      <data key=""d1"">1</data>    </edge>    <edge source=""Kiangtow Randa"" target=""Dors Venabili"">      <data key=""d1"">3</data>    </edge>  </graph></graphml>"
paf5,"<graphml xmlns=""http://graphml.graphdrawing.org/xmlns"" xmlns:xsi=""http://www.w3.org/2001/XMLSchema-instance"" xsi:schemaLocation=""http://graphml.graphdrawing.org/xmlns http://graphml.graphdrawing.org/xmlns/1.0/graphml.xsd"">  <key id=""d1"" for=""edge"" attr.name=""weight"" attr.type=""long"" />  <key id=""d0"" for=""node"" attr.name=""names"" attr.type=""string"" />  <graph edgedefault=""undirected"">    <node id=""Jenarr Leggen"">      <data key=""d0"">JENARR;Jenarr;Jenarr Leggen;LEGGEN;Leggen</data>    </node>    <node id=""Hari Seldon"">      <data key=""d0"">Hari;Hari Seldon;H&#233;liconien;Seldon</data>    </node>    <node id=""Dors Venabili"">      <data key=""d0"">Dors;Dors Venabili;Venabili</data>    </node>    <edge source=""Jenarr Leggen"" target=""Hari Seldon"">      <data key=""d1"">57</data>    </edge>    <edge source=""Jenarr Leggen"" target=""Dors Venabili"">      <data key=""d1"">64</data>    </edge>    <edge source=""Hari Seldon"" target=""Dors Venabili"">      <data key=""d1"">60</data>    </edge>  </graph></graphml>"
paf6,"<graphml xmlns=""http://graphml.graphdrawing.org/xmlns"" xmlns:xsi=""http://www.w3.org/2001/XMLSchema-instance"" xsi:schemaLocation=""http://graphml.graphdrawing.org/xmlns http://graphml.graphdrawing.org/xmlns/1.0/graphml.xsd"">  <key id=""d1"" for=""edge"" attr.name=""weight"" attr.type=""long"" />  <key id=""d0"" for=""node"" attr.name=""names"" attr.type=""string"" />  <graph edgedefault=""undirected"">    <node id=""Hari Seldon"">      <data key=""d0"">Hari;Hari Seldon;Seldon;professeur</data>    </node>    <node id=""Chetter Hummin"">      <data key=""d0"">Chetter Hummin;Hummin</data>    </node>    <node id=""Dors Venabili"">      <data key=""d0"">Dors;Dors Venabili</data>    </node>    <node id=""Eto Demerzel"">      <data key=""d0"">Demerzel;Eto Demerzel</data>    </node>    <node id=""Jenarr Leggen"">      <data key=""d0"">Jenarr Leggen;Leggen</data>    </node>    <node id=""Kiangtow Randa"">      <data key=""d0"">Kiangtow Randa;Randa</data>    </node>    <node id=""Cleon Ier"">      <data key=""d0"">Cleon Ier;Cl&#233;on</data>    </node>    <edge source=""Hari Seldon"" target=""Chetter Hummin"">      <data key=""d1"">66</data>    </edge>    <edge source=""Hari Seldon"" target=""Dors Venabili"">      <data key=""d1"">68</data>    </edge>    <edge source=""Hari Seldon"" target=""Eto Demerzel"">      <data key=""d1"">7</data>    </edge>    <edge source=""Hari Seldon"" target=""Jenarr Leggen"">      <data key=""d1"">22</data>    </edge>    <edge source=""Hari Seldon"" target=""Kiangtow Randa"">      <data key=""d1"">10</data>    </edge>    <edge source=""Hari Seldon"" target=""Cleon Ier"">      <data key=""d1"">3</data>    </edge>    <edge source=""Chetter Hummin"" target=""Dors Venabili"">      <data key=""d1"">41</data>    </edge>    <edge source=""Chetter Hummin"" target=""Eto Demerzel"">      <data key=""d1"">12</data>    </edge>    <edge source=""Chetter Hummin"" target=""Jenarr Leggen"">      <data key=""d1"">13</data>    </edge>    <edge source=""Chetter Hummin"" target=""Kiangtow Randa"">      <data key=""d1"">6</data>    </edge>    <edge source=""Chetter Hummin"" target=""Cleon Ier"">      <data key=""d1"">3</data>    </edge>    <edge source=""Dors Venabili"" target=""Eto Demerzel"">      <data key=""d1"">5</data>    </edge>    <edge source=""Dors Venabili"" target=""Jenarr Leggen"">      <data key=""d1"">7</data>    </edge>    <edge source=""Dors Venabili"" target=""Kiangtow Randa"">      <data key=""d1"">5</data>    </edge>    <edge source=""Dors Venabili"" target=""Cleon Ier"">      <data key=""d1"">1</data>    </edge>    <edge source=""Eto Demerzel"" target=""Jenarr Leggen"">      <data key=""d1"">3</data>    </edge>    <edge source=""Eto Demerzel"" target=""Kiangtow Randa"">      <data key=""d1"">3</data>    </edge>    <edge source=""Jenarr Leggen"" target=""Kiangtow Randa"">      <data key=""d1"">1</data>    </edge>    <edge source=""Jenarr Leggen"" target=""Cleon Ier"">      <data key=""d1"">1</data>    </edge>  </graph></graphml>"
paf7,"<graphml xmlns=""http://graphml.graphdrawing.org/xmlns"" xmlns:xsi=""http://www.w3.org/2001/XMLSchema-instance"" xsi:schemaLocation=""http://graphml.graphdrawing.org/xmlns http://graphml.graphdrawing.org/xmlns/1.0/graphml.xsd"">  <key id=""d1"" for=""edge"" attr.name=""weight"" attr.type=""long"" />  <key id=""d0"" for=""node"" attr.name=""names"" attr.type=""string"" />  <graph edgedefault=""undirected"">    <node id=""Maitre Quatorze"">      <data key=""d0"">Maitre Quatorze;QUATORZE;Quatorze</data>    </node>    <node id=""Hari Seldon"">      <data key=""d0"">Hari;Hari Seldon;Seldon</data>    </node>    <node id=""Dors Venabili"">      <data key=""d0"">Dors;Dors Venabili</data>    </node>    <node id=""Endor Levanian"">      <data key=""d0"">Endor Levanian;Levanian</data>    </node>    <node id=""Chetter Hummin"">      <data key=""d0"">Chetter Hummin;Hummin</data>    </node>    <edge source=""Maitre Quatorze"" target=""Hari Seldon"">      <data key=""d1"">8</data>    </edge>    <edge source=""Maitre Quatorze"" target=""Chetter Hummin"">      <data key=""d1"">3</data>    </edge>    <edge source=""Maitre Quatorze"" target=""Dors Venabili"">      <data key=""d1"">9</data>    </edge>    <edge source=""Hari Seldon"" target=""Dors Venabili"">      <data key=""d1"">83</data>    </edge>    <edge source=""Hari Seldon"" target=""Endor Levanian"">      <data key=""d1"">10</data>    </edge>    <edge source=""Hari Seldon"" target=""Chetter Hummin"">      <data key=""d1"">8</data>    </edge>    <edge source=""Dors Venabili"" target=""Endor Levanian"">      <data key=""d1"">7</data>    </edge>    <edge source=""Dors Venabili"" target=""Chetter Hummin"">      <data key=""d1"">6</data>    </edge>    <edge source=""Endor Levanian"" target=""Chetter Hummin"">      <data key=""d1"">1</data>    </edge>  </graph></graphml>"
paf8,"<graphml xmlns=""http://graphml.graphdrawing.org/xmlns"" xmlns:xsi=""http://www.w3.org/2001/XMLSchema-instance"" xsi:schemaLocation=""http://graphml.graphdrawing.org/xmlns http://graphml.graphdrawing.org/xmlns/1.0/graphml.xsd"">  <key id=""d1"" for=""edge"" attr.name=""weight"" attr.type=""long"" />  <key id=""d0"" for=""node"" attr.name=""names"" attr.type=""string"" />  <graph edgedefault=""undirected"">    <node id=""Hari Seldon"">      <data key=""d0"">Hari;Hari Seldon;Seldon</data>    </node>    <node id=""Dors Venabili"">      <data key=""d0"">Dors;Dors Venabili</data>    </node>    <node id=""Chetter Hummin"">      <data key=""d0"">Chetter Hummin;Hummin</data>    </node>    <node id=""Maitre Quatorze"">      <data key=""d0"">Maitre Quatorze;Quatorze</data>    </node>    <edge source=""Hari Seldon"" target=""Dors Venabili"">      <data key=""d1"">47</data>    </edge>    <edge source=""Hari Seldon"" target=""Chetter Hummin"">      <data key=""d1"">10</data>    </edge>    <edge source=""Hari Seldon"" target=""Maitre Quatorze"">      <data key=""d1"">9</data>    </edge>    <edge source=""Dors Venabili"" target=""Chetter Hummin"">      <data key=""d1"">10</data>    </edge>    <edge source=""Dors Venabili"" target=""Maitre Quatorze"">      <data key=""d1"">6</data>    </edge>    <edge source=""Chetter Hummin"" target=""Maitre Quatorze"">      <data key=""d1"">2</data>    </edge>  </graph></graphml>"
paf9,"<graphml xmlns=""http://graphml.graphdrawing.org/xmlns"" xmlns:xsi=""http://www.w3.org/2001/XMLSchema-instance"" xsi:schemaLocation=""http://graphml.graphdrawing.org/xmlns http://graphml.graphdrawing.org/xmlns/1.0/graphml.xsd"">  <key id=""d1"" for=""edge"" attr.name=""weight"" attr.type=""long"" />  <key id=""d0"" for=""node"" attr.name=""names"" attr.type=""string"" />  <graph edgedefault=""undirected"">    <node id=""Hari Seldon"">      <data key=""d0"">Hari;Hari Seldon;H&#233;liconien;Seldon</data>    </node>    <node id=""Dors Venabili"">      <data key=""d0"">Dors;Dors Venabili</data>    </node>    <edge source=""Hari Seldon"" target=""Dors Venabili"">      <data key=""d1"">29</data>    </edge>  </graph></graphml>"
paf10,"<graphml xmlns=""http://graphml.graphdrawing.org/xmlns"" xmlns:xsi=""http://www.w3.org/2001/XMLSchema-instance"" xsi:schemaLocation=""http://graphml.graphdrawing.org/xmlns http://graphml.graphdrawing.org/xmlns/1.0/graphml.xsd"">  <key id=""d1"" for=""edge"" attr.name=""weight"" attr.type=""long"" />  <key id=""d0"" for=""node"" attr.name=""names"" attr.type=""string"" />  <graph edgedefault=""undirected"">    <node id=""Hari Seldon"">      <data key=""d0"">Hari;Hari Seldon;Seldon</data>    </node>    <node id=""Dors Venabili"">      <data key=""d0"">Dors;Dors Venabili;Venabili</data>    </node>    <node id=""Lissauer"">      <data key=""d0"">Lissauer</data>    </node>    <node id=""Novigor"">      <data key=""d0"">Novigor</data>    </node>    <node id=""Chetter Hummin"">      <data key=""d0"">Chetter Hummin;Hummin</data>    </node>    <edge source=""Hari Seldon"" target=""Dors Venabili"">      <data key=""d1"">88</data>    </edge>    <edge source=""Hari Seldon"" target=""Lissauer"">      <data key=""d1"">3</data>    </edge>    <edge source=""Hari Seldon"" target=""Novigor"">      <data key=""d1"">3</data>    </edge>    <edge source=""Hari Seldon"" target=""Chetter Hummin"">      <data key=""d1"">8</data>    </edge>    <edge source=""Dors Venabili"" target=""Lissauer"">      <data key=""d1"">3</data>    </edge>    <edge source=""Dors Venabili"" target=""Novigor"">      <data key=""d1"">3</data>    </edge>    <edge source=""Dors Venabili"" target=""Chetter Hummin"">      <data key=""d1"">2</data>    </edge>    <edge source=""Lissauer"" target=""Novigor"">      <data key=""d1"">1</data>    </edge>  </graph></graphml>"
paf11,"<graphml xmlns=""http://graphml.graphdrawing.org/xmlns"" xmlns:xsi=""http://www.w3.org/2001/XMLSchema-instance"" xsi:schemaLocation=""http://graphml.graphdrawing.org/xmlns http://graphml.graphdrawing.org/xmlns/1.0/graphml.xsd"">  <key id=""d1"" for=""edge"" attr.name=""weight"" attr.type=""long"" />  <key id=""d0"" for=""node"" attr.name=""names"" attr.type=""string"" />  <graph edgedefault=""undirected"">    <node id=""Hari Seldon"">      <data key=""d0"">Hari;Hari Seldon;Seldon</data>    </node>    <node id=""Dors Venabili"">      <data key=""d0"">Dors;Dors Venabili;Venabili</data>    </node>    <node id=""Chetter Hummin"">      <data key=""d0"">Chetter;Chetter Hummin;Hummin</data>    </node>    <node id=""Wendome"">      <data key=""d0"">Wendome</data>    </node>    <node id=""Maitre Quatorze"">      <data key=""d0"">Maitre Quatorze;Quatorze</data>    </node>    <node id=""Cleon Ier"">      <data key=""d0"">Cleon Ier;Empereur</data>    </node>    <node id=""Eto Demerzel"">      <data key=""d0"">Demerzel;Eto Demerzel</data>    </node>    <edge source=""Hari Seldon"" target=""Dors Venabili"">      <data key=""d1"">100</data>    </edge>    <edge source=""Hari Seldon"" target=""Chetter Hummin"">      <data key=""d1"">68</data>    </edge>    <edge source=""Hari Seldon"" target=""Wendome"">      <data key=""d1"">5</data>    </edge>    <edge source=""Hari Seldon"" target=""Maitre Quatorze"">      <data key=""d1"">14</data>    </edge>    <edge source=""Hari Seldon"" target=""Cleon Ier"">      <data key=""d1"">4</data>    </edge>    <edge source=""Hari Seldon"" target=""Eto Demerzel"">      <data key=""d1"">1</data>    </edge>    <edge source=""Dors Venabili"" target=""Chetter Hummin"">      <data key=""d1"">43</data>    </edge>    <edge source=""Dors Venabili"" target=""Wendome"">      <data key=""d1"">4</data>    </edge>    <edge source=""Dors Venabili"" target=""Maitre Quatorze"">      <data key=""d1"">12</data>    </edge>    <edge source=""Dors Venabili"" target=""Cleon Ier"">      <data key=""d1"">2</data>    </edge>    <edge source=""Dors Venabili"" target=""Eto Demerzel"">      <data key=""d1"">1</data>    </edge>    <edge source=""Chetter Hummin"" target=""Maitre Quatorze"">      <data key=""d1"">10</data>    </edge>    <edge source=""Chetter Hummin"" target=""Cleon Ier"">      <data key=""d1"">5</data>    </edge>    <edge source=""Chetter Hummin"" target=""Eto Demerzel"">      <data key=""d1"">3</data>    </edge>    <edge source=""Maitre Quatorze"" target=""Cleon Ier"">      <data key=""d1"">4</data>    </edge>    <edge source=""Maitre Quatorze"" target=""Eto Demerzel"">      <data key=""d1"">1</data>    </edge>    <edge source=""Cleon Ier"" target=""Eto Demerzel"">      <data key=""d1"">5</data>    </edge>  </graph></graphml>"
paf12,"<graphml xmlns=""http://graphml.graphdrawing.org/xmlns"" xmlns:xsi=""http://www.w3.org/2001/XMLSchema-instance"" xsi:schemaLocation=""http://graphml.graphdrawing.org/xmlns http://graphml.graphdrawing.org/xmlns/1.0/graphml.xsd"">  <key id=""d1"" for=""edge"" attr.name=""weight"" attr.type=""long"" />  <key id=""d0"" for=""node"" attr.name=""names"" attr.type=""string"" />  <graph edgedefault=""undirected"">    <node id=""Yugo Amaryl"">      <data key=""d0"">AMARYL;Amaryl;YUGO;Yugo Amaryl</data>    </node>    <node id=""Hari Seldon"">      <data key=""d0"">Hari;Hari Seldon;Seldon</data>    </node>    <node id=""Cleon Ier"">      <data key=""d0"">Cleon Ier;Cl&#233;on;Empereur;Sire</data>    </node>    <node id=""Eto Demerzel"">      <data key=""d0"">Demerzel;Eto Demerzel</data>    </node>    <node id=""Chetter Hummin"">      <data key=""d0"">Chetter Hummin;Hummin</data>    </node>    <node id=""Dors Venabili"">      <data key=""d0"">Dors;Dors Venabili;Venabili</data>    </node>    <node id=""Maitre Quatorze"">      <data key=""d0"">Maitre Quatorze;Quatorze;quatorze</data>    </node>    <node id=""Casilia"">      <data key=""d0"">Casilia</data>    </node>    <node id=""Hano Lindor"">      <data key=""d0"">Hano Lindor;Lindor</data>    </node>    <node id=""Bigell"">      <data key=""d0"">Bigell</data>    </node>    <node id=""Mere Rittah"">      <data key=""d0"">Mere Rittah;M&#232;re Rittah</data>    </node>    <edge source=""Yugo Amaryl"" target=""Hari Seldon"">      <data key=""d1"">44</data>    </edge>    <edge source=""Yugo Amaryl"" target=""Cleon Ier"">      <data key=""d1"">2</data>    </edge>    <edge source=""Yugo Amaryl"" target=""Maitre Quatorze"">      <data key=""d1"">2</data>    </edge>    <edge source=""Yugo Amaryl"" target=""Dors Venabili"">      <data key=""d1"">8</data>    </edge>    <edge source=""Yugo Amaryl"" target=""Bigell"">      <data key=""d1"">4</data>    </edge>    <edge source=""Yugo Amaryl"" target=""Mere Rittah"">      <data key=""d1"">4</data>    </edge>    <edge source=""Hari Seldon"" target=""Cleon Ier"">      <data key=""d1"">28</data>    </edge>    <edge source=""Hari Seldon"" target=""Eto Demerzel"">      <data key=""d1"">5</data>    </edge>    <edge source=""Hari Seldon"" target=""Chetter Hummin"">      <data key=""d1"">17</data>    </edge>    <edge source=""Hari Seldon"" target=""Dors Venabili"">      <data key=""d1"">55</data>    </edge>    <edge source=""Hari Seldon"" target=""Maitre Quatorze"">      <data key=""d1"">11</data>    </edge>    <edge source=""Hari Seldon"" target=""Casilia"">      <data key=""d1"">17</data>    </edge>    <edge source=""Hari Seldon"" target=""Hano Lindor"">      <data key=""d1"">9</data>    </edge>    <edge source=""Hari Seldon"" target=""Bigell"">      <data key=""d1"">4</data>    </edge>    <edge source=""Cleon Ier"" target=""Eto Demerzel"">      <data key=""d1"">116</data>    </edge>    <edge source=""Cleon Ier"" target=""Chetter Hummin"">      <data key=""d1"">12</data>    </edge>    <edge source=""Cleon Ier"" target=""Dors Venabili"">      <data key=""d1"">5</data>    </edge>    <edge source=""Cleon Ier"" target=""Maitre Quatorze"">      <data key=""d1"">1</data>    </edge>    <edge source=""Eto Demerzel"" target=""Chetter Hummin"">      <data key=""d1"">3</data>    </edge>    <edge source=""Chetter Hummin"" target=""Dors Venabili"">      <data key=""d1"">6</data>    </edge>    <edge source=""Chetter Hummin"" target=""Maitre Quatorze"">      <data key=""d1"">1</data>    </edge>    <edge source=""Dors Venabili"" target=""Maitre Quatorze"">      <data key=""d1"">4</data>    </edge>    <edge source=""Dors Venabili"" target=""Hano Lindor"">      <data key=""d1"">16</data>    </edge>    <edge source=""Dors Venabili"" target=""Casilia"">      <data key=""d1"">2</data>    </edge>    <edge source=""Dors Venabili"" target=""Bigell"">      <data key=""d1"">1</data>    </edge>    <edge source=""Maitre Quatorze"" target=""Casilia"">      <data key=""d1"">2</data>    </edge>  </graph></graphml>"
paf13,"<graphml xmlns=""http://graphml.graphdrawing.org/xmlns"" xmlns:xsi=""http://www.w3.org/2001/XMLSchema-instance"" xsi:schemaLocation=""http://graphml.graphdrawing.org/xmlns http://graphml.graphdrawing.org/xmlns/1.0/graphml.xsd"">  <key id=""d1"" for=""edge"" attr.name=""weight"" attr.type=""long"" />  <key id=""d0"" for=""node"" attr.name=""names"" attr.type=""string"" />  <graph edgedefault=""undirected"">    <node id=""Hari Seldon"">      <data key=""d0"">Hari;Hari Seldon;Seldon</data>    </node>    <node id=""Dors Venabili"">      <data key=""d0"">Dors;Dors Venabili;Venabili</data>    </node>    <node id=""Chetter Hummin"">      <data key=""d0"">Chetter;Chetter Hummin;Hummin</data>    </node>    <node id=""Maitre Quatorze"">      <data key=""d0"">Maitre Quatorze;Quatorze</data>    </node>    <node id=""Eto Demerzel"">      <data key=""d0"">Demerzel;Eto Demerzel</data>    </node>    <node id=""Cleon Ier"">      <data key=""d0"">Cleon Ier;Empereur</data>    </node>    <node id=""Yugo Amaryl"">      <data key=""d0"">Yugo Amaryl</data>    </node>    <node id=""Casilia"">      <data key=""d0"">Casilia</data>    </node>    <node id=""Mere Rittah"">      <data key=""d0"">Mere Rittah;M&#232;re Rittah;Rittah</data>    </node>    <node id=""Raych Seldon"">      <data key=""d0"">Raych;Raych Seldon</data>    </node>    <edge source=""Hari Seldon"" target=""Dors Venabili"">      <data key=""d1"">83</data>    </edge>    <edge source=""Hari Seldon"" target=""Chetter Hummin"">      <data key=""d1"">3</data>    </edge>    <edge source=""Hari Seldon"" target=""Maitre Quatorze"">      <data key=""d1"">1</data>    </edge>    <edge source=""Hari Seldon"" target=""Eto Demerzel"">      <data key=""d1"">1</data>    </edge>    <edge source=""Hari Seldon"" target=""Cleon Ier"">      <data key=""d1"">1</data>    </edge>    <edge source=""Hari Seldon"" target=""Yugo Amaryl"">      <data key=""d1"">1</data>    </edge>    <edge source=""Hari Seldon"" target=""Casilia"">      <data key=""d1"">10</data>    </edge>    <edge source=""Hari Seldon"" target=""Mere Rittah"">      <data key=""d1"">39</data>    </edge>    <edge source=""Hari Seldon"" target=""Raych Seldon"">      <data key=""d1"">11</data>    </edge>    <edge source=""Dors Venabili"" target=""Chetter Hummin"">      <data key=""d1"">7</data>    </edge>    <edge source=""Dors Venabili"" target=""Maitre Quatorze"">      <data key=""d1"">2</data>    </edge>    <edge source=""Dors Venabili"" target=""Eto Demerzel"">      <data key=""d1"">2</data>    </edge>    <edge source=""Dors Venabili"" target=""Cleon Ier"">      <data key=""d1"">2</data>    </edge>    <edge source=""Dors Venabili"" target=""Yugo Amaryl"">      <data key=""d1"">2</data>    </edge>    <edge source=""Dors Venabili"" target=""Casilia"">      <data key=""d1"">4</data>    </edge>    <edge source=""Dors Venabili"" target=""Mere Rittah"">      <data key=""d1"">12</data>    </edge>    <edge source=""Chetter Hummin"" target=""Maitre Quatorze"">      <data key=""d1"">2</data>    </edge>    <edge source=""Chetter Hummin"" target=""Eto Demerzel"">      <data key=""d1"">2</data>    </edge>    <edge source=""Chetter Hummin"" target=""Cleon Ier"">      <data key=""d1"">2</data>    </edge>    <edge source=""Chetter Hummin"" target=""Yugo Amaryl"">      <data key=""d1"">2</data>    </edge>    <edge source=""Chetter Hummin"" target=""Casilia"">      <data key=""d1"">2</data>    </edge>    <edge source=""Maitre Quatorze"" target=""Eto Demerzel"">      <data key=""d1"">1</data>    </edge>    <edge source=""Maitre Quatorze"" target=""Cleon Ier"">      <data key=""d1"">1</data>    </edge>    <edge source=""Maitre Quatorze"" target=""Yugo Amaryl"">      <data key=""d1"">1</data>    </edge>    <edge source=""Maitre Quatorze"" target=""Casilia"">      <data key=""d1"">1</data>    </edge>    <edge source=""Eto Demerzel"" target=""Cleon Ier"">      <data key=""d1"">1</data>    </edge>    <edge source=""Eto Demerzel"" target=""Yugo Amaryl"">      <data key=""d1"">1</data>    </edge>    <edge source=""Eto Demerzel"" target=""Casilia"">      <data key=""d1"">1</data>    </edge>    <edge source=""Cleon Ier"" target=""Yugo Amaryl"">      <data key=""d1"">1</data>    </edge>    <edge source=""Cleon Ier"" target=""Casilia"">      <data key=""d1"">1</data>    </edge>    <edge source=""Yugo Amaryl"" target=""Casilia"">      <data key=""d1"">1</data>    </edge>    <edge source=""Mere Rittah"" target=""Raych Seldon"">      <data key=""d1"">12</data>    </edge>  </graph></graphml>"
paf14,"<graphml xmlns=""http://graphml.graphdrawing.org/xmlns"" xmlns:xsi=""http://www.w3.org/2001/XMLSchema-instance"" xsi:schemaLocation=""http://graphml.graphdrawing.org/xmlns http://graphml.graphdrawing.org/xmlns/1.0/graphml.xsd"">  <key id=""d1"" for=""edge"" attr.name=""weight"" attr.type=""long"" />  <key id=""d0"" for=""node"" attr.name=""names"" attr.type=""string"" />  <graph edgedefault=""undirected"">    <node id=""Hari Seldon"">      <data key=""d0"">Hari Seldon;Seldon</data>    </node>    <node id=""Dors Venabili"">      <data key=""d0"">Dors;Dors Venabili;Venabili</data>    </node>    <node id=""Raych Seldon"">      <data key=""d0"">Raych;Raych Seldon</data>    </node>    <node id=""Marlo Tanto"">      <data key=""d0"">Marlo Tanto</data>    </node>    <node id=""Chetter Hummin"">      <data key=""d0"">Chetter Hummin;Hummin;journaliste</data>    </node>    <node id=""Yugo Amaryl"">      <data key=""d0"">Amaryl;Yugo Amaryl</data>    </node>    <node id=""Cleon Ier"">      <data key=""d0"">Cleon Ier;Empereur</data>    </node>    <node id=""Eto Demerzel"">      <data key=""d0"">Demerzel;Eto Demerzel</data>    </node>    <edge source=""Hari Seldon"" target=""Dors Venabili"">      <data key=""d1"">43</data>    </edge>    <edge source=""Hari Seldon"" target=""Raych Seldon"">      <data key=""d1"">26</data>    </edge>    <edge source=""Hari Seldon"" target=""Marlo Tanto"">      <data key=""d1"">1</data>    </edge>    <edge source=""Hari Seldon"" target=""Chetter Hummin"">      <data key=""d1"">2</data>    </edge>    <edge source=""Hari Seldon"" target=""Yugo Amaryl"">      <data key=""d1"">12</data>    </edge>    <edge source=""Hari Seldon"" target=""Cleon Ier"">      <data key=""d1"">2</data>    </edge>    <edge source=""Hari Seldon"" target=""Eto Demerzel"">      <data key=""d1"">2</data>    </edge>    <edge source=""Dors Venabili"" target=""Raych Seldon"">      <data key=""d1"">55</data>    </edge>    <edge source=""Dors Venabili"" target=""Marlo Tanto"">      <data key=""d1"">2</data>    </edge>    <edge source=""Dors Venabili"" target=""Chetter Hummin"">      <data key=""d1"">5</data>    </edge>    <edge source=""Dors Venabili"" target=""Yugo Amaryl"">      <data key=""d1"">6</data>    </edge>    <edge source=""Dors Venabili"" target=""Cleon Ier"">      <data key=""d1"">2</data>    </edge>    <edge source=""Dors Venabili"" target=""Eto Demerzel"">      <data key=""d1"">2</data>    </edge>    <edge source=""Raych Seldon"" target=""Chetter Hummin"">      <data key=""d1"">3</data>    </edge>    <edge source=""Raych Seldon"" target=""Yugo Amaryl"">      <data key=""d1"">3</data>    </edge>    <edge source=""Raych Seldon"" target=""Cleon Ier"">      <data key=""d1"">4</data>    </edge>    <edge source=""Raych Seldon"" target=""Eto Demerzel"">      <data key=""d1"">4</data>    </edge>    <edge source=""Marlo Tanto"" target=""Chetter Hummin"">      <data key=""d1"">1</data>    </edge>    <edge source=""Cleon Ier"" target=""Eto Demerzel"">      <data key=""d1"">1</data>    </edge>  </graph></graphml>"
paf15,"<graphml xmlns=""http://graphml.graphdrawing.org/xmlns"" xmlns:xsi=""http://www.w3.org/2001/XMLSchema-instance"" xsi:schemaLocation=""http://graphml.graphdrawing.org/xmlns http://graphml.graphdrawing.org/xmlns/1.0/graphml.xsd"">  <key id=""d1"" for=""edge"" attr.name=""weight"" attr.type=""long"" />  <key id=""d0"" for=""node"" attr.name=""names"" attr.type=""string"" />  <graph edgedefault=""undirected"">    <node id=""Raych Seldon"">      <data key=""d0"">RAYCH;Raych;Raych Seldon</data>    </node>    <node id=""Hari Seldon"">      <data key=""d0"">Hari;Hari Seldon;Seldon</data>    </node>    <node id=""Dors Venabili"">      <data key=""d0"">Dors;Dors Venabili</data>    </node>    <node id=""Cleon Ier"">      <data key=""d0"">Cleon Ier;Empereur</data>    </node>    <node id=""Eto Demerzel"">      <data key=""d0"">Demerzel;Eto Demerzel</data>    </node>    <node id=""Casilia"">      <data key=""d0"">Casilia</data>    </node>    <node id=""Russ"">      <data key=""d0"">Russ</data>    </node>    <node id=""Astinwald"">      <data key=""d0"">Astinwald</data>    </node>    <node id=""Chetter Hummin"">      <data key=""d0"">Chetter Hummin;Hummin;journaliste</data>    </node>    <node id=""Elgin Marron"">      <data key=""d0"">Elgin Marron</data>    </node>    <edge source=""Raych Seldon"" target=""Hari Seldon"">      <data key=""d1"">30</data>    </edge>    <edge source=""Raych Seldon"" target=""Dors Venabili"">      <data key=""d1"">31</data>    </edge>    <edge source=""Raych Seldon"" target=""Astinwald"">      <data key=""d1"">5</data>    </edge>    <edge source=""Raych Seldon"" target=""Russ"">      <data key=""d1"">8</data>    </edge>    <edge source=""Raych Seldon"" target=""Cleon Ier"">      <data key=""d1"">11</data>    </edge>    <edge source=""Raych Seldon"" target=""Chetter Hummin"">      <data key=""d1"">6</data>    </edge>    <edge source=""Hari Seldon"" target=""Dors Venabili"">      <data key=""d1"">72</data>    </edge>    <edge source=""Hari Seldon"" target=""Cleon Ier"">      <data key=""d1"">15</data>    </edge>    <edge source=""Hari Seldon"" target=""Eto Demerzel"">      <data key=""d1"">2</data>    </edge>    <edge source=""Hari Seldon"" target=""Casilia"">      <data key=""d1"">3</data>    </edge>    <edge source=""Hari Seldon"" target=""Russ"">      <data key=""d1"">48</data>    </edge>    <edge source=""Hari Seldon"" target=""Astinwald"">      <data key=""d1"">16</data>    </edge>    <edge source=""Hari Seldon"" target=""Chetter Hummin"">      <data key=""d1"">18</data>    </edge>    <edge source=""Hari Seldon"" target=""Elgin Marron"">      <data key=""d1"">4</data>    </edge>    <edge source=""Dors Venabili"" target=""Russ"">      <data key=""d1"">19</data>    </edge>    <edge source=""Dors Venabili"" target=""Astinwald"">      <data key=""d1"">5</data>    </edge>    <edge source=""Dors Venabili"" target=""Chetter Hummin"">      <data key=""d1"">11</data>    </edge>    <edge source=""Dors Venabili"" target=""Elgin Marron"">      <data key=""d1"">2</data>    </edge>    <edge source=""Dors Venabili"" target=""Cleon Ier"">      <data key=""d1"">15</data>    </edge>    <edge source=""Cleon Ier"" target=""Eto Demerzel"">      <data key=""d1"">2</data>    </edge>    <edge source=""Cleon Ier"" target=""Casilia"">      <data key=""d1"">1</data>    </edge>    <edge source=""Cleon Ier"" target=""Chetter Hummin"">      <data key=""d1"">10</data>    </edge>    <edge source=""Eto Demerzel"" target=""Casilia"">      <data key=""d1"">1</data>    </edge>    <edge source=""Russ"" target=""Astinwald"">      <data key=""d1"">12</data>    </edge>    <edge source=""Russ"" target=""Chetter Hummin"">      <data key=""d1"">3</data>    </edge>    <edge source=""Russ"" target=""Elgin Marron"">      <data key=""d1"">3</data>    </edge>    <edge source=""Astinwald"" target=""Elgin Marron"">      <data key=""d1"">1</data>    </edge>  </graph></graphml>"
paf16,"<graphml xmlns=""http://graphml.graphdrawing.org/xmlns"" xmlns:xsi=""http://www.w3.org/2001/XMLSchema-instance"" xsi:schemaLocation=""http://graphml.graphdrawing.org/xmlns http://graphml.graphdrawing.org/xmlns/1.0/graphml.xsd"">  <key id=""d1"" for=""edge"" attr.name=""weight"" attr.type=""long"" />  <key id=""d0"" for=""node"" attr.name=""names"" attr.type=""string"" />  <graph edgedefault=""undirected"">    <node id=""Mannix IV Kan"">      <data key=""d0"">Mannix;Mannix IV;Mannix IV Kan</data>    </node>    <node id=""Hari Seldon"">      <data key=""d0"">Hari;Hari Seldon;Seldon</data>    </node>    <node id=""Emmer Thalus"">      <data key=""d0"">Emmer Thalus;Thalus</data>    </node>    <node id=""Dors Venabili"">      <data key=""d0"">Dors;Dors Venabili;Venabili</data>    </node>    <node id=""Raych Seldon"">      <data key=""d0"">Raych;Raych Seldon</data>    </node>    <node id=""Yugo Amaryl"">      <data key=""d0"">Yugo Amaryl</data>    </node>    <node id=""Chetter Hummin"">      <data key=""d0"">Chetter Hummin;Hummin</data>    </node>    <node id=""Rashelle"">      <data key=""d0"">Rachelle;Rashelle</data>    </node>    <node id=""Eto Demerzel"">      <data key=""d0"">Demerzel;Eto Demerzel</data>    </node>    <node id=""Cleon Ier"">      <data key=""d0"">Cleon Ier;Empereur</data>    </node>    <edge source=""Mannix IV Kan"" target=""Hari Seldon"">      <data key=""d1"">6</data>    </edge>    <edge source=""Mannix IV Kan"" target=""Rashelle"">      <data key=""d1"">5</data>    </edge>    <edge source=""Mannix IV Kan"" target=""Dors Venabili"">      <data key=""d1"">5</data>    </edge>    <edge source=""Mannix IV Kan"" target=""Cleon Ier"">      <data key=""d1"">1</data>    </edge>    <edge source=""Hari Seldon"" target=""Emmer Thalus"">      <data key=""d1"">31</data>    </edge>    <edge source=""Hari Seldon"" target=""Dors Venabili"">      <data key=""d1"">101</data>    </edge>    <edge source=""Hari Seldon"" target=""Raych Seldon"">      <data key=""d1"">90</data>    </edge>    <edge source=""Hari Seldon"" target=""Yugo Amaryl"">      <data key=""d1"">6</data>    </edge>    <edge source=""Hari Seldon"" target=""Chetter Hummin"">      <data key=""d1"">11</data>    </edge>    <edge source=""Hari Seldon"" target=""Rashelle"">      <data key=""d1"">46</data>    </edge>    <edge source=""Hari Seldon"" target=""Cleon Ier"">      <data key=""d1"">1</data>    </edge>    <edge source=""Emmer Thalus"" target=""Dors Venabili"">      <data key=""d1"">14</data>    </edge>    <edge source=""Emmer Thalus"" target=""Raych Seldon"">      <data key=""d1"">14</data>    </edge>    <edge source=""Emmer Thalus"" target=""Yugo Amaryl"">      <data key=""d1"">1</data>    </edge>    <edge source=""Emmer Thalus"" target=""Chetter Hummin"">      <data key=""d1"">1</data>    </edge>    <edge source=""Emmer Thalus"" target=""Rashelle"">      <data key=""d1"">3</data>    </edge>    <edge source=""Dors Venabili"" target=""Raych Seldon"">      <data key=""d1"">76</data>    </edge>    <edge source=""Dors Venabili"" target=""Yugo Amaryl"">      <data key=""d1"">3</data>    </edge>    <edge source=""Dors Venabili"" target=""Chetter Hummin"">      <data key=""d1"">7</data>    </edge>    <edge source=""Dors Venabili"" target=""Rashelle"">      <data key=""d1"">58</data>    </edge>    <edge source=""Dors Venabili"" target=""Eto Demerzel"">      <data key=""d1"">4</data>    </edge>    <edge source=""Dors Venabili"" target=""Cleon Ier"">      <data key=""d1"">10</data>    </edge>    <edge source=""Raych Seldon"" target=""Yugo Amaryl"">      <data key=""d1"">4</data>    </edge>    <edge source=""Raych Seldon"" target=""Rashelle"">      <data key=""d1"">44</data>    </edge>    <edge source=""Raych Seldon"" target=""Chetter Hummin"">      <data key=""d1"">4</data>    </edge>    <edge source=""Raych Seldon"" target=""Eto Demerzel"">      <data key=""d1"">2</data>    </edge>    <edge source=""Chetter Hummin"" target=""Rashelle"">      <data key=""d1"">4</data>    </edge>    <edge source=""Rashelle"" target=""Eto Demerzel"">      <data key=""d1"">2</data>    </edge>    <edge source=""Rashelle"" target=""Cleon Ier"">      <data key=""d1"">4</data>    </edge>  </graph></graphml>"
paf17,"<graphml xmlns=""http://graphml.graphdrawing.org/xmlns"" xmlns:xsi=""http://www.w3.org/2001/XMLSchema-instance"" xsi:schemaLocation=""http://graphml.graphdrawing.org/xmlns http://graphml.graphdrawing.org/xmlns/1.0/graphml.xsd"">  <key id=""d1"" for=""edge"" attr.name=""weight"" attr.type=""long"" />  <key id=""d0"" for=""node"" attr.name=""names"" attr.type=""string"" />  <graph edgedefault=""undirected"">    <node id=""Emmer Thalus"">      <data key=""d0"">Emmer Thalus;THALUS;Thalus</data>    </node>    <node id=""Hari Seldon"">      <data key=""d0"">Hari;Hari Seldon;Seldon</data>    </node>    <node id=""Dors Venabili"">      <data key=""d0"">Dors;Dors Venabili;Venabili</data>    </node>    <node id=""Raych Seldon"">      <data key=""d0"">Raych;Raych Seldon</data>    </node>    <node id=""Chetter Hummin"">      <data key=""d0"">Chetter Hummin;Hummin</data>    </node>    <node id=""Rashelle"">      <data key=""d0"">Rachelle;Rashelle</data>    </node>    <node id=""Mannix IV Kan"">      <data key=""d0"">Mannix;Mannix IV;Mannix IV Kan</data>    </node>    <node id=""Eto Demerzel"">      <data key=""d0"">Demerzel;Eto Demerzel</data>    </node>    <node id=""Cleon Ier"">      <data key=""d0"">Cleon Ier;Cl&#233;on;Empereur</data>    </node>    <edge source=""Emmer Thalus"" target=""Hari Seldon"">      <data key=""d1"">5</data>    </edge>    <edge source=""Emmer Thalus"" target=""Dors Venabili"">      <data key=""d1"">1</data>    </edge>    <edge source=""Emmer Thalus"" target=""Eto Demerzel"">      <data key=""d1"">1</data>    </edge>    <edge source=""Emmer Thalus"" target=""Rashelle"">      <data key=""d1"">1</data>    </edge>    <edge source=""Emmer Thalus"" target=""Raych Seldon"">      <data key=""d1"">3</data>    </edge>    <edge source=""Hari Seldon"" target=""Dors Venabili"">      <data key=""d1"">68</data>    </edge>    <edge source=""Hari Seldon"" target=""Raych Seldon"">      <data key=""d1"">43</data>    </edge>    <edge source=""Hari Seldon"" target=""Chetter Hummin"">      <data key=""d1"">33</data>    </edge>    <edge source=""Hari Seldon"" target=""Rashelle"">      <data key=""d1"">46</data>    </edge>    <edge source=""Hari Seldon"" target=""Mannix IV Kan"">      <data key=""d1"">16</data>    </edge>    <edge source=""Hari Seldon"" target=""Eto Demerzel"">      <data key=""d1"">17</data>    </edge>    <edge source=""Hari Seldon"" target=""Cleon Ier"">      <data key=""d1"">4</data>    </edge>    <edge source=""Dors Venabili"" target=""Raych Seldon"">      <data key=""d1"">28</data>    </edge>    <edge source=""Dors Venabili"" target=""Rashelle"">      <data key=""d1"">25</data>    </edge>    <edge source=""Dors Venabili"" target=""Eto Demerzel"">      <data key=""d1"">9</data>    </edge>    <edge source=""Dors Venabili"" target=""Chetter Hummin"">      <data key=""d1"">19</data>    </edge>    <edge source=""Dors Venabili"" target=""Mannix IV Kan"">      <data key=""d1"">8</data>    </edge>    <edge source=""Dors Venabili"" target=""Cleon Ier"">      <data key=""d1"">2</data>    </edge>    <edge source=""Raych Seldon"" target=""Rashelle"">      <data key=""d1"">16</data>    </edge>    <edge source=""Raych Seldon"" target=""Cleon Ier"">      <data key=""d1"">1</data>    </edge>    <edge source=""Raych Seldon"" target=""Chetter Hummin"">      <data key=""d1"">6</data>    </edge>    <edge source=""Raych Seldon"" target=""Eto Demerzel"">      <data key=""d1"">6</data>    </edge>    <edge source=""Raych Seldon"" target=""Mannix IV Kan"">      <data key=""d1"">2</data>    </edge>    <edge source=""Chetter Hummin"" target=""Rashelle"">      <data key=""d1"">24</data>    </edge>    <edge source=""Chetter Hummin"" target=""Eto Demerzel"">      <data key=""d1"">14</data>    </edge>    <edge source=""Chetter Hummin"" target=""Cleon Ier"">      <data key=""d1"">3</data>    </edge>    <edge source=""Chetter Hummin"" target=""Mannix IV Kan"">      <data key=""d1"">7</data>    </edge>    <edge source=""Rashelle"" target=""Eto Demerzel"">      <data key=""d1"">10</data>    </edge>    <edge source=""Rashelle"" target=""Cleon Ier"">      <data key=""d1"">4</data>    </edge>    <edge source=""Rashelle"" target=""Mannix IV Kan"">      <data key=""d1"">7</data>    </edge>    <edge source=""Mannix IV Kan"" target=""Cleon Ier"">      <data key=""d1"">2</data>    </edge>    <edge source=""Mannix IV Kan"" target=""Eto Demerzel"">      <data key=""d1"">1</data>    </edge>    <edge source=""Eto Demerzel"" target=""Cleon Ier"">      <data key=""d1"">5</data>    </edge>  </graph></graphml>"
paf18,"<graphml xmlns=""http://graphml.graphdrawing.org/xmlns"" xmlns:xsi=""http://www.w3.org/2001/XMLSchema-instance"" xsi:schemaLocation=""http://graphml.graphdrawing.org/xmlns http://graphml.graphdrawing.org/xmlns/1.0/graphml.xsd"">  <key id=""d1"" for=""edge"" attr.name=""weight"" attr.type=""long"" />  <key id=""d0"" for=""node"" attr.name=""names"" attr.type=""string"" />  <graph edgedefault=""undirected"">    <node id=""Dors Venabili"">      <data key=""d0"">Dors;Dors Venabili</data>    </node>    <node id=""Hari Seldon"">      <data key=""d0"">HARI;Hari;Hari Seldon;SELDON;Seldon</data>    </node>    <node id=""Raych Seldon"">      <data key=""d0"">Raych;Raych Seldon</data>    </node>    <node id=""Chetter Hummin"">      <data key=""d0"">Chetter Hummin;Hummin</data>    </node>    <node id=""Mere Rittah"">      <data key=""d0"">Mere Rittah;M&#232;re Rittah;Rittah</data>    </node>    <node id=""Maitre Quatorze"">      <data key=""d0"">Maitre Quatorze;Quatorze</data>    </node>    <node id=""Cleon Ier"">      <data key=""d0"">Cleon Ier;Cl&#233;on</data>    </node>    <node id=""Mannix IV Kan"">      <data key=""d0"">Mannix;Mannix IV;Mannix IV Kan</data>    </node>    <node id=""Rashelle"">      <data key=""d0"">Rachelle;Rashelle</data>    </node>    <node id=""Daneel Olivaw"">      <data key=""d0"">Daneel;Daneel Olivaw</data>    </node>    <node id=""Yugo Amaryl"">      <data key=""d0"">Amaryl;Yugo Amaryl</data>    </node>    <node id=""Eto Demerzel"">      <data key=""d0"">Demerzel;Eto Demerzel</data>    </node>    <edge source=""Dors Venabili"" target=""Hari Seldon"">      <data key=""d1"">56</data>    </edge>    <edge source=""Dors Venabili"" target=""Raych Seldon"">      <data key=""d1"">6</data>    </edge>    <edge source=""Dors Venabili"" target=""Maitre Quatorze"">      <data key=""d1"">1</data>    </edge>    <edge source=""Dors Venabili"" target=""Cleon Ier"">      <data key=""d1"">1</data>    </edge>    <edge source=""Dors Venabili"" target=""Mannix IV Kan"">      <data key=""d1"">2</data>    </edge>    <edge source=""Dors Venabili"" target=""Rashelle"">      <data key=""d1"">1</data>    </edge>    <edge source=""Dors Venabili"" target=""Chetter Hummin"">      <data key=""d1"">24</data>    </edge>    <edge source=""Dors Venabili"" target=""Daneel Olivaw"">      <data key=""d1"">16</data>    </edge>    <edge source=""Dors Venabili"" target=""Yugo Amaryl"">      <data key=""d1"">3</data>    </edge>    <edge source=""Dors Venabili"" target=""Eto Demerzel"">      <data key=""d1"">5</data>    </edge>    <edge source=""Hari Seldon"" target=""Raych Seldon"">      <data key=""d1"">12</data>    </edge>    <edge source=""Hari Seldon"" target=""Chetter Hummin"">      <data key=""d1"">21</data>    </edge>    <edge source=""Hari Seldon"" target=""Mere Rittah"">      <data key=""d1"">2</data>    </edge>    <edge source=""Hari Seldon"" target=""Maitre Quatorze"">      <data key=""d1"">2</data>    </edge>    <edge source=""Hari Seldon"" target=""Cleon Ier"">      <data key=""d1"">1</data>    </edge>    <edge source=""Hari Seldon"" target=""Mannix IV Kan"">      <data key=""d1"">1</data>    </edge>    <edge source=""Hari Seldon"" target=""Rashelle"">      <data key=""d1"">1</data>    </edge>    <edge source=""Hari Seldon"" target=""Daneel Olivaw"">      <data key=""d1"">34</data>    </edge>    <edge source=""Hari Seldon"" target=""Yugo Amaryl"">      <data key=""d1"">4</data>    </edge>    <edge source=""Hari Seldon"" target=""Eto Demerzel"">      <data key=""d1"">3</data>    </edge>    <edge source=""Raych Seldon"" target=""Chetter Hummin"">      <data key=""d1"">4</data>    </edge>    <edge source=""Raych Seldon"" target=""Daneel Olivaw"">      <data key=""d1"">6</data>    </edge>    <edge source=""Raych Seldon"" target=""Yugo Amaryl"">      <data key=""d1"">2</data>    </edge>    <edge source=""Chetter Hummin"" target=""Mere Rittah"">      <data key=""d1"">4</data>    </edge>    <edge source=""Chetter Hummin"" target=""Mannix IV Kan"">      <data key=""d1"">2</data>    </edge>    <edge source=""Chetter Hummin"" target=""Rashelle"">      <data key=""d1"">2</data>    </edge>    <edge source=""Chetter Hummin"" target=""Daneel Olivaw"">      <data key=""d1"">5</data>    </edge>    <edge source=""Chetter Hummin"" target=""Yugo Amaryl"">      <data key=""d1"">1</data>    </edge>    <edge source=""Chetter Hummin"" target=""Eto Demerzel"">      <data key=""d1"">1</data>    </edge>    <edge source=""Maitre Quatorze"" target=""Cleon Ier"">      <data key=""d1"">1</data>    </edge>    <edge source=""Cleon Ier"" target=""Mannix IV Kan"">      <data key=""d1"">1</data>    </edge>    <edge source=""Mannix IV Kan"" target=""Rashelle"">      <data key=""d1"">1</data>    </edge>    <edge source=""Daneel Olivaw"" target=""Yugo Amaryl"">      <data key=""d1"">3</data>    </edge>    <edge source=""Daneel Olivaw"" target=""Eto Demerzel"">      <data key=""d1"">1</data>    </edge>  </graph></graphml>"
lca0,"<graphml xmlns=""http://graphml.graphdrawing.org/xmlns"" xmlns:xsi=""http://www.w3.org/2001/XMLSchema-instance"" xsi:schemaLocation=""http://graphml.graphdrawing.org/xmlns http://graphml.graphdrawing.org/xmlns/1.0/graphml.xsd"">  <key id=""d1"" for=""edge"" attr.name=""weight"" attr.type=""long"" />  <key id=""d0"" for=""node"" attr.name=""names"" attr.type=""string"" />  <graph edgedefault=""undirected"">    <node id=""Sammy"">      <data key=""d0"">Sammy</data>    </node>    <node id=""Vince Barrett"">      <data key=""d0"">Vince;Vince Barrett</data>    </node>    <node id=""Elijah Baley"">      <data key=""d0"">Baley;Elijah Baley;Lije</data>    </node>    <node id=""Julius Enderby"">      <data key=""d0"">COMMISSAIRE;Enderby;JULIUS ENDERBY;Julius;Julius Enderby;commissaire</data>    </node>    <node id=""Roj Nemennuh Sarton"">      <data key=""d0"">Roj Nemennuh Sarton</data>    </node>    <node id=""Jessica Baley"">      <data key=""d0"">Jessica Baley;Jessie</data>    </node>    <node id=""Jacques"">      <data key=""d0"">Jacques</data>    </node>    <node id=""Paul Gerhard"">      <data key=""d0"">Paul;Paul Gerhard</data>    </node>    <node id=""Daneel Olivaw"">      <data key=""d0"">Daneel;Daneel Olivaw</data>    </node>    <edge source=""Sammy"" target=""Vince Barrett"">      <data key=""d1"">4</data>    </edge>    <edge source=""Sammy"" target=""Elijah Baley"">      <data key=""d1"">3</data>    </edge>    <edge source=""Sammy"" target=""Julius Enderby"">      <data key=""d1"">4</data>    </edge>    <edge source=""Vince Barrett"" target=""Elijah Baley"">      <data key=""d1"">3</data>    </edge>    <edge source=""Vince Barrett"" target=""Julius Enderby"">      <data key=""d1"">5</data>    </edge>    <edge source=""Elijah Baley"" target=""Julius Enderby"">      <data key=""d1"">128</data>    </edge>    <edge source=""Elijah Baley"" target=""Roj Nemennuh Sarton"">      <data key=""d1"">1</data>    </edge>    <edge source=""Elijah Baley"" target=""Jessica Baley"">      <data key=""d1"">9</data>    </edge>    <edge source=""Elijah Baley"" target=""Jacques"">      <data key=""d1"">5</data>    </edge>    <edge source=""Elijah Baley"" target=""Paul Gerhard"">      <data key=""d1"">5</data>    </edge>    <edge source=""Elijah Baley"" target=""Daneel Olivaw"">      <data key=""d1"">4</data>    </edge>    <edge source=""Julius Enderby"" target=""Roj Nemennuh Sarton"">      <data key=""d1"">2</data>    </edge>    <edge source=""Julius Enderby"" target=""Jessica Baley"">      <data key=""d1"">9</data>    </edge>    <edge source=""Julius Enderby"" target=""Jacques"">      <data key=""d1"">5</data>    </edge>    <edge source=""Julius Enderby"" target=""Paul Gerhard"">      <data key=""d1"">5</data>    </edge>    <edge source=""Julius Enderby"" target=""Daneel Olivaw"">      <data key=""d1"">4</data>    </edge>    <edge source=""Jacques"" target=""Paul Gerhard"">      <data key=""d1"">1</data>    </edge>    <edge source=""Jacques"" target=""Daneel Olivaw"">      <data key=""d1"">1</data>    </edge>    <edge source=""Paul Gerhard"" target=""Daneel Olivaw"">      <data key=""d1"">1</data>    </edge>  </graph></graphml>"
lca1,"<graphml xmlns=""http://graphml.graphdrawing.org/xmlns"" xmlns:xsi=""http://www.w3.org/2001/XMLSchema-instance"" xsi:schemaLocation=""http://graphml.graphdrawing.org/xmlns http://graphml.graphdrawing.org/xmlns/1.0/graphml.xsd"">  <key id=""d1"" for=""edge"" attr.name=""weight"" attr.type=""long"" />  <key id=""d0"" for=""node"" attr.name=""names"" attr.type=""string"" />  <graph edgedefault=""undirected"">    <node id=""Elijah Baley"">      <data key=""d0"">Baley;Elijah;Elijah Baley</data>    </node>    <node id=""Julius Enderby"">      <data key=""d0"">Enderby;Julius Enderby</data>    </node>    <node id=""Daneel Olivaw"">      <data key=""d0"">Daneel;Daneel Olivaw;Olivaw;R. Daneel</data>    </node>    <node id=""Sammy"">      <data key=""d0"">Sammy</data>    </node>    <edge source=""Elijah Baley"" target=""Julius Enderby"">      <data key=""d1"">7</data>    </edge>    <edge source=""Elijah Baley"" target=""Daneel Olivaw"">      <data key=""d1"">37</data>    </edge>    <edge source=""Elijah Baley"" target=""Sammy"">      <data key=""d1"">3</data>    </edge>    <edge source=""Julius Enderby"" target=""Daneel Olivaw"">      <data key=""d1"">3</data>    </edge>    <edge source=""Daneel Olivaw"" target=""Sammy"">      <data key=""d1"">3</data>    </edge>  </graph></graphml>"
lca2,"<graphml xmlns=""http://graphml.graphdrawing.org/xmlns"" xmlns:xsi=""http://www.w3.org/2001/XMLSchema-instance"" xsi:schemaLocation=""http://graphml.graphdrawing.org/xmlns http://graphml.graphdrawing.org/xmlns/1.0/graphml.xsd"">  <key id=""d1"" for=""edge"" attr.name=""weight"" attr.type=""long"" />  <key id=""d0"" for=""node"" attr.name=""names"" attr.type=""string"" />  <graph edgedefault=""undirected"">    <node id=""Elijah Baley"">      <data key=""d0"">Baley;Elijah;Elijah Baley;Lije</data>    </node>    <node id=""Daneel Olivaw"">      <data key=""d0"">Daneel;Daneel Olivaw;R. Daneel</data>    </node>    <node id=""Boris"">      <data key=""d0"">Boris</data>    </node>    <edge source=""Elijah Baley"" target=""Daneel Olivaw"">      <data key=""d1"">15</data>    </edge>    <edge source=""Elijah Baley"" target=""Boris"">      <data key=""d1"">2</data>    </edge>  </graph></graphml>"
lca3,"<graphml xmlns=""http://graphml.graphdrawing.org/xmlns"" xmlns:xsi=""http://www.w3.org/2001/XMLSchema-instance"" xsi:schemaLocation=""http://graphml.graphdrawing.org/xmlns http://graphml.graphdrawing.org/xmlns/1.0/graphml.xsd"">  <key id=""d1"" for=""edge"" attr.name=""weight"" attr.type=""long"" />  <key id=""d0"" for=""node"" attr.name=""names"" attr.type=""string"" />  <graph edgedefault=""undirected"">    <node id=""Jessica Baley"">      <data key=""d0"">Jessica;Jessica Baley;Jessie</data>    </node>    <node id=""Elijah Baley"">      <data key=""d0"">Baley;Elijah;Elijah Baley;Lije;Lije Baley</data>    </node>    <node id=""Julius Enderby"">      <data key=""d0"">Enderby;Julius Enderby</data>    </node>    <node id=""Jesreel"">      <data key=""d0"">Jesreel</data>    </node>    <node id=""Bentley Baley"">      <data key=""d0"">Bentley;Bentley Baley</data>    </node>    <node id=""Daneel Olivaw"">      <data key=""d0"">Daneel;Daneel Olivaw;Olivaw;R. Daneel</data>    </node>    <edge source=""Jessica Baley"" target=""Elijah Baley"">      <data key=""d1"">35</data>    </edge>    <edge source=""Jessica Baley"" target=""Julius Enderby"">      <data key=""d1"">1</data>    </edge>    <edge source=""Jessica Baley"" target=""Jesreel"">      <data key=""d1"">1</data>    </edge>    <edge source=""Jessica Baley"" target=""Bentley Baley"">      <data key=""d1"">23</data>    </edge>    <edge source=""Jessica Baley"" target=""Daneel Olivaw"">      <data key=""d1"">30</data>    </edge>    <edge source=""Elijah Baley"" target=""Julius Enderby"">      <data key=""d1"">4</data>    </edge>    <edge source=""Elijah Baley"" target=""Bentley Baley"">      <data key=""d1"">25</data>    </edge>    <edge source=""Elijah Baley"" target=""Daneel Olivaw"">      <data key=""d1"">32</data>    </edge>    <edge source=""Bentley Baley"" target=""Daneel Olivaw"">      <data key=""d1"">36</data>    </edge>  </graph></graphml>"
lca4,"<graphml xmlns=""http://graphml.graphdrawing.org/xmlns"" xmlns:xsi=""http://www.w3.org/2001/XMLSchema-instance"" xsi:schemaLocation=""http://graphml.graphdrawing.org/xmlns http://graphml.graphdrawing.org/xmlns/1.0/graphml.xsd"">  <key id=""d1"" for=""edge"" attr.name=""weight"" attr.type=""long"" />  <key id=""d0"" for=""node"" attr.name=""names"" attr.type=""string"" />  <graph edgedefault=""undirected"">    <node id=""Jessica Baley"">      <data key=""d0"">Jessica Baley;Jessie</data>    </node>    <node id=""Daneel Olivaw"">      <data key=""d0"">Daneel;Daneel Olivaw;Olivaw;R. Daneel</data>    </node>    <node id=""Elijah Baley"">      <data key=""d0"">Baley;Elijah;Elijah Baley;Lije</data>    </node>    <node id=""Roj Nemennuh Sarton"">      <data key=""d0"">Dr Sarton;Roj Nemennuh Sarton</data>    </node>    <node id=""Julius Enderby"">      <data key=""d0"">Enderby;Julius;Julius Enderby;commissaire</data>    </node>    <edge source=""Jessica Baley"" target=""Daneel Olivaw"">      <data key=""d1"">3</data>    </edge>    <edge source=""Jessica Baley"" target=""Elijah Baley"">      <data key=""d1"">4</data>    </edge>    <edge source=""Daneel Olivaw"" target=""Elijah Baley"">      <data key=""d1"">51</data>    </edge>    <edge source=""Daneel Olivaw"" target=""Roj Nemennuh Sarton"">      <data key=""d1"">6</data>    </edge>    <edge source=""Daneel Olivaw"" target=""Julius Enderby"">      <data key=""d1"">13</data>    </edge>    <edge source=""Elijah Baley"" target=""Roj Nemennuh Sarton"">      <data key=""d1"">15</data>    </edge>    <edge source=""Elijah Baley"" target=""Julius Enderby"">      <data key=""d1"">35</data>    </edge>  </graph></graphml>"
lca5,"<graphml xmlns=""http://graphml.graphdrawing.org/xmlns"" xmlns:xsi=""http://www.w3.org/2001/XMLSchema-instance"" xsi:schemaLocation=""http://graphml.graphdrawing.org/xmlns http://graphml.graphdrawing.org/xmlns/1.0/graphml.xsd"">  <key id=""d1"" for=""edge"" attr.name=""weight"" attr.type=""long"" />  <key id=""d0"" for=""node"" attr.name=""names"" attr.type=""string"" />  <graph edgedefault=""undirected"">    <node id=""Elijah Baley"">      <data key=""d0"">Baley;Elijah Baley;Lije</data>    </node>    <node id=""Jessica Baley"">      <data key=""d0"">Jessica Baley;Jessie</data>    </node>    <node id=""Daneel Olivaw"">      <data key=""d0"">Daneel;Daneel Olivaw;R. Daneel Olivaw</data>    </node>    <node id=""Julius Enderby"">      <data key=""d0"">Enderby;Julius Enderby;commissaire</data>    </node>    <node id=""Bentley Baley"">      <data key=""d0"">Bentley;Bentley Baley</data>    </node>    <edge source=""Elijah Baley"" target=""Jessica Baley"">      <data key=""d1"">46</data>    </edge>    <edge source=""Elijah Baley"" target=""Daneel Olivaw"">      <data key=""d1"">6</data>    </edge>    <edge source=""Elijah Baley"" target=""Julius Enderby"">      <data key=""d1"">62</data>    </edge>    <edge source=""Elijah Baley"" target=""Bentley Baley"">      <data key=""d1"">3</data>    </edge>    <edge source=""Jessica Baley"" target=""Daneel Olivaw"">      <data key=""d1"">9</data>    </edge>    <edge source=""Jessica Baley"" target=""Julius Enderby"">      <data key=""d1"">5</data>    </edge>    <edge source=""Jessica Baley"" target=""Bentley Baley"">      <data key=""d1"">3</data>    </edge>    <edge source=""Daneel Olivaw"" target=""Bentley Baley"">      <data key=""d1"">1</data>    </edge>    <edge source=""Julius Enderby"" target=""Bentley Baley"">      <data key=""d1"">1</data>    </edge>  </graph></graphml>"
lca6,"<graphml xmlns=""http://graphml.graphdrawing.org/xmlns"" xmlns:xsi=""http://www.w3.org/2001/XMLSchema-instance"" xsi:schemaLocation=""http://graphml.graphdrawing.org/xmlns http://graphml.graphdrawing.org/xmlns/1.0/graphml.xsd"">  <key id=""d1"" for=""edge"" attr.name=""weight"" attr.type=""long"" />  <key id=""d0"" for=""node"" attr.name=""names"" attr.type=""string"" />  <graph edgedefault=""undirected"">    <node id=""Daneel Olivaw"">      <data key=""d0"">Daneel;Daneel Olivaw;R. Daneel;R. Daneel Olivaw</data>    </node>    <node id=""Julius Enderby"">      <data key=""d0"">Enderby;Julius Enderby;commissaire</data>    </node>    <node id=""Elijah Baley"">      <data key=""d0"">Baley;Elijah;Elijah Baley;Lije</data>    </node>    <node id=""Sammy"">      <data key=""d0"">Sammy</data>    </node>    <node id=""Han Fastolfe"">      <data key=""d0"">Dr Fastolfe;Dr Han Fastolfe;Fastolfe;Han Fastolfe</data>    </node>    <node id=""Roj Nemennuh Sarton"">      <data key=""d0"">Dr Sarton;Roj Nemennuh Sarton</data>    </node>    <edge source=""Daneel Olivaw"" target=""Julius Enderby"">      <data key=""d1"">17</data>    </edge>    <edge source=""Daneel Olivaw"" target=""Elijah Baley"">      <data key=""d1"">62</data>    </edge>    <edge source=""Daneel Olivaw"" target=""Sammy"">      <data key=""d1"">2</data>    </edge>    <edge source=""Daneel Olivaw"" target=""Han Fastolfe"">      <data key=""d1"">20</data>    </edge>    <edge source=""Daneel Olivaw"" target=""Roj Nemennuh Sarton"">      <data key=""d1"">4</data>    </edge>    <edge source=""Julius Enderby"" target=""Elijah Baley"">      <data key=""d1"">50</data>    </edge>    <edge source=""Julius Enderby"" target=""Sammy"">      <data key=""d1"">3</data>    </edge>    <edge source=""Julius Enderby"" target=""Han Fastolfe"">      <data key=""d1"">20</data>    </edge>    <edge source=""Julius Enderby"" target=""Roj Nemennuh Sarton"">      <data key=""d1"">14</data>    </edge>    <edge source=""Elijah Baley"" target=""Sammy"">      <data key=""d1"">4</data>    </edge>    <edge source=""Elijah Baley"" target=""Han Fastolfe"">      <data key=""d1"">34</data>    </edge>    <edge source=""Elijah Baley"" target=""Roj Nemennuh Sarton"">      <data key=""d1"">10</data>    </edge>    <edge source=""Han Fastolfe"" target=""Roj Nemennuh Sarton"">      <data key=""d1"">10</data>    </edge>  </graph></graphml>"
lca7,"<graphml xmlns=""http://graphml.graphdrawing.org/xmlns"" xmlns:xsi=""http://www.w3.org/2001/XMLSchema-instance"" xsi:schemaLocation=""http://graphml.graphdrawing.org/xmlns http://graphml.graphdrawing.org/xmlns/1.0/graphml.xsd"">  <key id=""d1"" for=""edge"" attr.name=""weight"" attr.type=""long"" />  <key id=""d0"" for=""node"" attr.name=""names"" attr.type=""string"" />  <graph edgedefault=""undirected"">    <node id=""Julius Enderby"">      <data key=""d0"">Enderby;Julius;Julius Enderby;commissaire</data>    </node>    <node id=""Elijah Baley"">      <data key=""d0"">Baley;Elijah;Elijah Baley;Lije</data>    </node>    <node id=""Roj Nemennuh Sarton"">      <data key=""d0"">Dr Sarton;Roj Nemennuh Sarton;Sarton</data>    </node>    <node id=""Daneel Olivaw"">      <data key=""d0"">Daneel;Daneel Olivaw;R. Daneel</data>    </node>    <node id=""Han Fastolfe"">      <data key=""d0"">Dr Fastolfe;Fastolfe;Han Fastolfe</data>    </node>    <node id=""Jessica Baley"">      <data key=""d0"">Jessica Baley;Jessie</data>    </node>    <edge source=""Julius Enderby"" target=""Elijah Baley"">      <data key=""d1"">111</data>    </edge>    <edge source=""Julius Enderby"" target=""Roj Nemennuh Sarton"">      <data key=""d1"">37</data>    </edge>    <edge source=""Julius Enderby"" target=""Daneel Olivaw"">      <data key=""d1"">56</data>    </edge>    <edge source=""Julius Enderby"" target=""Han Fastolfe"">      <data key=""d1"">36</data>    </edge>    <edge source=""Julius Enderby"" target=""Jessica Baley"">      <data key=""d1"">5</data>    </edge>    <edge source=""Elijah Baley"" target=""Roj Nemennuh Sarton"">      <data key=""d1"">23</data>    </edge>    <edge source=""Elijah Baley"" target=""Daneel Olivaw"">      <data key=""d1"">67</data>    </edge>    <edge source=""Elijah Baley"" target=""Han Fastolfe"">      <data key=""d1"">36</data>    </edge>    <edge source=""Elijah Baley"" target=""Jessica Baley"">      <data key=""d1"">6</data>    </edge>    <edge source=""Roj Nemennuh Sarton"" target=""Daneel Olivaw"">      <data key=""d1"">18</data>    </edge>    <edge source=""Roj Nemennuh Sarton"" target=""Han Fastolfe"">      <data key=""d1"">7</data>    </edge>    <edge source=""Daneel Olivaw"" target=""Han Fastolfe"">      <data key=""d1"">30</data>    </edge>    <edge source=""Daneel Olivaw"" target=""Jessica Baley"">      <data key=""d1"">4</data>    </edge>    <edge source=""Han Fastolfe"" target=""Jessica Baley"">      <data key=""d1"">2</data>    </edge>  </graph></graphml>"
lca8,"<graphml xmlns=""http://graphml.graphdrawing.org/xmlns"" xmlns:xsi=""http://www.w3.org/2001/XMLSchema-instance"" xsi:schemaLocation=""http://graphml.graphdrawing.org/xmlns http://graphml.graphdrawing.org/xmlns/1.0/graphml.xsd"">  <key id=""d1"" for=""edge"" attr.name=""weight"" attr.type=""long"" />  <key id=""d0"" for=""node"" attr.name=""names"" attr.type=""string"" />  <graph edgedefault=""undirected"">    <node id=""Daneel Olivaw"">      <data key=""d0"">Daneel;Daneel Olivaw;R. Daneel</data>    </node>    <node id=""Elijah Baley"">      <data key=""d0"">Baley;Elijah;Elijah Baley;Lije</data>    </node>    <node id=""Han Fastolfe"">      <data key=""d0"">Dr Fastolfe;Fastolfe;Han Fastolfe</data>    </node>    <node id=""Julius Enderby"">      <data key=""d0"">Julius Enderby;commissaire</data>    </node>    <edge source=""Daneel Olivaw"" target=""Elijah Baley"">      <data key=""d1"">9</data>    </edge>    <edge source=""Daneel Olivaw"" target=""Han Fastolfe"">      <data key=""d1"">4</data>    </edge>    <edge source=""Daneel Olivaw"" target=""Julius Enderby"">      <data key=""d1"">1</data>    </edge>    <edge source=""Elijah Baley"" target=""Han Fastolfe"">      <data key=""d1"">22</data>    </edge>    <edge source=""Elijah Baley"" target=""Julius Enderby"">      <data key=""d1"">7</data>    </edge>    <edge source=""Han Fastolfe"" target=""Julius Enderby"">      <data key=""d1"">2</data>    </edge>  </graph></graphml>"
lca9,"<graphml xmlns=""http://graphml.graphdrawing.org/xmlns"" xmlns:xsi=""http://www.w3.org/2001/XMLSchema-instance"" xsi:schemaLocation=""http://graphml.graphdrawing.org/xmlns http://graphml.graphdrawing.org/xmlns/1.0/graphml.xsd"">  <key id=""d1"" for=""edge"" attr.name=""weight"" attr.type=""long"" />  <key id=""d0"" for=""node"" attr.name=""names"" attr.type=""string"" />  <graph edgedefault=""undirected"">    <node id=""Daneel Olivaw"">      <data key=""d0"">Daneel;Daneel Olivaw;R. Daneel</data>    </node>    <node id=""Elijah Baley"">      <data key=""d0"">Baley;Elijah;Elijah Baley;Lije</data>    </node>    <node id=""Julius Enderby"">      <data key=""d0"">Enderby;Julius;Julius Enderby;commissaire</data>    </node>    <node id=""Roj Nemennuh Sarton"">      <data key=""d0"">Dr Sarton;Roj Nemennuh Sarton</data>    </node>    <node id=""Han Fastolfe"">      <data key=""d0"">Dr Fastolfe;Fastolfe;Han Fastolfe</data>    </node>    <node id=""Bentley Baley"">      <data key=""d0"">Bentley;Bentley Baley</data>    </node>    <edge source=""Daneel Olivaw"" target=""Elijah Baley"">      <data key=""d1"">41</data>    </edge>    <edge source=""Daneel Olivaw"" target=""Julius Enderby"">      <data key=""d1"">17</data>    </edge>    <edge source=""Daneel Olivaw"" target=""Han Fastolfe"">      <data key=""d1"">4</data>    </edge>    <edge source=""Daneel Olivaw"" target=""Roj Nemennuh Sarton"">      <data key=""d1"">1</data>    </edge>    <edge source=""Daneel Olivaw"" target=""Bentley Baley"">      <data key=""d1"">2</data>    </edge>    <edge source=""Elijah Baley"" target=""Julius Enderby"">      <data key=""d1"">61</data>    </edge>    <edge source=""Elijah Baley"" target=""Roj Nemennuh Sarton"">      <data key=""d1"">7</data>    </edge>    <edge source=""Elijah Baley"" target=""Han Fastolfe"">      <data key=""d1"">12</data>    </edge>    <edge source=""Elijah Baley"" target=""Bentley Baley"">      <data key=""d1"">2</data>    </edge>    <edge source=""Julius Enderby"" target=""Roj Nemennuh Sarton"">      <data key=""d1"">6</data>    </edge>    <edge source=""Julius Enderby"" target=""Han Fastolfe"">      <data key=""d1"">11</data>    </edge>    <edge source=""Han Fastolfe"" target=""Bentley Baley"">      <data key=""d1"">1</data>    </edge>  </graph></graphml>"
lca10,"<graphml xmlns=""http://graphml.graphdrawing.org/xmlns"" xmlns:xsi=""http://www.w3.org/2001/XMLSchema-instance"" xsi:schemaLocation=""http://graphml.graphdrawing.org/xmlns http://graphml.graphdrawing.org/xmlns/1.0/graphml.xsd"">  <key id=""d1"" for=""edge"" attr.name=""weight"" attr.type=""long"" />  <key id=""d0"" for=""node"" attr.name=""names"" attr.type=""string"" />  <graph edgedefault=""undirected"">    <node id=""Elijah Baley"">      <data key=""d0"">Baley;Elijah;Elijah Baley;Lije</data>    </node>    <node id=""Daneel Olivaw"">      <data key=""d0"">Daneel;Daneel Olivaw;R. Daneel</data>    </node>    <node id=""Jessica Baley"">      <data key=""d0"">Jessica Baley;Jessie</data>    </node>    <edge source=""Elijah Baley"" target=""Daneel Olivaw"">      <data key=""d1"">41</data>    </edge>    <edge source=""Elijah Baley"" target=""Jessica Baley"">      <data key=""d1"">11</data>    </edge>  </graph></graphml>"
lca11,"<graphml xmlns=""http://graphml.graphdrawing.org/xmlns"" xmlns:xsi=""http://www.w3.org/2001/XMLSchema-instance"" xsi:schemaLocation=""http://graphml.graphdrawing.org/xmlns http://graphml.graphdrawing.org/xmlns/1.0/graphml.xsd"">  <key id=""d1"" for=""edge"" attr.name=""weight"" attr.type=""long"" />  <key id=""d0"" for=""node"" attr.name=""names"" attr.type=""string"" />  <graph edgedefault=""undirected"">    <node id=""Sammy"">      <data key=""d0"">Sammy</data>    </node>    <node id=""Julius Enderby"">      <data key=""d0"">Enderby;Julius;Julius Enderby;commissaire</data>    </node>    <node id=""Elijah Baley"">      <data key=""d0"">Baley;Elijah;Elijah Baley;Lije</data>    </node>    <node id=""Daneel Olivaw"">      <data key=""d0"">Daneel;Daneel Olivaw;R. Daneel</data>    </node>    <node id=""Francis Clousarr"">      <data key=""d0"">Francis;Francis Clousarr</data>    </node>    <node id=""Paul Gerhard"">      <data key=""d0"">Paul Gerhard</data>    </node>    <node id=""Dr Gerrigel"">      <data key=""d0"">Dr Gerrigel</data>    </node>    <edge source=""Sammy"" target=""Julius Enderby"">      <data key=""d1"">8</data>    </edge>    <edge source=""Sammy"" target=""Elijah Baley"">      <data key=""d1"">10</data>    </edge>    <edge source=""Julius Enderby"" target=""Elijah Baley"">      <data key=""d1"">32</data>    </edge>    <edge source=""Julius Enderby"" target=""Daneel Olivaw"">      <data key=""d1"">1</data>    </edge>    <edge source=""Elijah Baley"" target=""Daneel Olivaw"">      <data key=""d1"">33</data>    </edge>    <edge source=""Elijah Baley"" target=""Francis Clousarr"">      <data key=""d1"">5</data>    </edge>    <edge source=""Elijah Baley"" target=""Paul Gerhard"">      <data key=""d1"">4</data>    </edge>    <edge source=""Elijah Baley"" target=""Dr Gerrigel"">      <data key=""d1"">13</data>    </edge>    <edge source=""Daneel Olivaw"" target=""Francis Clousarr"">      <data key=""d1"">2</data>    </edge>    <edge source=""Daneel Olivaw"" target=""Paul Gerhard"">      <data key=""d1"">2</data>    </edge>    <edge source=""Daneel Olivaw"" target=""Dr Gerrigel"">      <data key=""d1"">3</data>    </edge>    <edge source=""Francis Clousarr"" target=""Paul Gerhard"">      <data key=""d1"">1</data>    </edge>    <edge source=""Paul Gerhard"" target=""Dr Gerrigel"">      <data key=""d1"">1</data>    </edge>  </graph></graphml>"
lca12,"<graphml xmlns=""http://graphml.graphdrawing.org/xmlns"" xmlns:xsi=""http://www.w3.org/2001/XMLSchema-instance"" xsi:schemaLocation=""http://graphml.graphdrawing.org/xmlns http://graphml.graphdrawing.org/xmlns/1.0/graphml.xsd"">  <key id=""d1"" for=""edge"" attr.name=""weight"" attr.type=""long"" />  <key id=""d0"" for=""node"" attr.name=""names"" attr.type=""string"" />  <graph edgedefault=""undirected"">    <node id=""Daneel Olivaw"">      <data key=""d0"">Daneel;Daneel Olivaw;R. Daneel</data>    </node>    <node id=""Dr Gerrigel"">      <data key=""d0"">Dr Gerrigel</data>    </node>    <node id=""Elijah Baley"">      <data key=""d0"">Baley;Elijah;Elijah Baley;Lije</data>    </node>    <node id=""Vince Barrett"">      <data key=""d0"">Barrett;Vince Barrett</data>    </node>    <node id=""Sammy"">      <data key=""d0"">Sammy</data>    </node>    <node id=""Phil"">      <data key=""d0"">Phil</data>    </node>    <node id=""Julius Enderby"">      <data key=""d0"">Enderby;Julius Enderby;commissaire</data>    </node>    <node id=""Roj Nemennuh Sarton"">      <data key=""d0"">Dr Sarton;Roj Nemennuh Sarton</data>    </node>    <node id=""Han Fastolfe"">      <data key=""d0"">Fastolfe;Han Fastolfe</data>    </node>    <node id=""Jessica Baley"">      <data key=""d0"">Jessica Baley;Jessie</data>    </node>    <node id=""Bentley Baley"">      <data key=""d0"">Bentley;Bentley Baley</data>    </node>    <edge source=""Daneel Olivaw"" target=""Dr Gerrigel"">      <data key=""d1"">3</data>    </edge>    <edge source=""Daneel Olivaw"" target=""Elijah Baley"">      <data key=""d1"">35</data>    </edge>    <edge source=""Daneel Olivaw"" target=""Vince Barrett"">      <data key=""d1"">1</data>    </edge>    <edge source=""Daneel Olivaw"" target=""Julius Enderby"">      <data key=""d1"">24</data>    </edge>    <edge source=""Daneel Olivaw"" target=""Sammy"">      <data key=""d1"">2</data>    </edge>    <edge source=""Daneel Olivaw"" target=""Roj Nemennuh Sarton"">      <data key=""d1"">1</data>    </edge>    <edge source=""Daneel Olivaw"" target=""Han Fastolfe"">      <data key=""d1"">3</data>    </edge>    <edge source=""Daneel Olivaw"" target=""Jessica Baley"">      <data key=""d1"">4</data>    </edge>    <edge source=""Daneel Olivaw"" target=""Bentley Baley"">      <data key=""d1"">1</data>    </edge>    <edge source=""Dr Gerrigel"" target=""Elijah Baley"">      <data key=""d1"">6</data>    </edge>    <edge source=""Dr Gerrigel"" target=""Julius Enderby"">      <data key=""d1"">1</data>    </edge>    <edge source=""Dr Gerrigel"" target=""Jessica Baley"">      <data key=""d1"">1</data>    </edge>    <edge source=""Elijah Baley"" target=""Vince Barrett"">      <data key=""d1"">13</data>    </edge>    <edge source=""Elijah Baley"" target=""Sammy"">      <data key=""d1"">9</data>    </edge>    <edge source=""Elijah Baley"" target=""Phil"">      <data key=""d1"">4</data>    </edge>    <edge source=""Elijah Baley"" target=""Julius Enderby"">      <data key=""d1"">37</data>    </edge>    <edge source=""Elijah Baley"" target=""Roj Nemennuh Sarton"">      <data key=""d1"">4</data>    </edge>    <edge source=""Elijah Baley"" target=""Han Fastolfe"">      <data key=""d1"">3</data>    </edge>    <edge source=""Elijah Baley"" target=""Jessica Baley"">      <data key=""d1"">9</data>    </edge>    <edge source=""Elijah Baley"" target=""Bentley Baley"">      <data key=""d1"">1</data>    </edge>    <edge source=""Vince Barrett"" target=""Sammy"">      <data key=""d1"">3</data>    </edge>    <edge source=""Vince Barrett"" target=""Phil"">      <data key=""d1"">2</data>    </edge>    <edge source=""Vince Barrett"" target=""Julius Enderby"">      <data key=""d1"">1</data>    </edge>    <edge source=""Sammy"" target=""Phil"">      <data key=""d1"">1</data>    </edge>    <edge source=""Sammy"" target=""Julius Enderby"">      <data key=""d1"">2</data>    </edge>    <edge source=""Julius Enderby"" target=""Roj Nemennuh Sarton"">      <data key=""d1"">4</data>    </edge>    <edge source=""Julius Enderby"" target=""Han Fastolfe"">      <data key=""d1"">6</data>    </edge>    <edge source=""Jessica Baley"" target=""Bentley Baley"">      <data key=""d1"">3</data>    </edge>  </graph></graphml>"
lca13,"<graphml xmlns=""http://graphml.graphdrawing.org/xmlns"" xmlns:xsi=""http://www.w3.org/2001/XMLSchema-instance"" xsi:schemaLocation=""http://graphml.graphdrawing.org/xmlns http://graphml.graphdrawing.org/xmlns/1.0/graphml.xsd"">  <key id=""d1"" for=""edge"" attr.name=""weight"" attr.type=""long"" />  <key id=""d0"" for=""node"" attr.name=""names"" attr.type=""string"" />  <graph edgedefault=""undirected"">    <node id=""Elijah Baley"">      <data key=""d0"">Baley;Elijah;Elijah Baley;Lije</data>    </node>    <node id=""Jessica Baley"">      <data key=""d0"">Jessica Baley;Jessie</data>    </node>    <node id=""Daneel Olivaw"">      <data key=""d0"">Daneel;Daneel Olivaw;R. Daneel</data>    </node>    <node id=""Julius Enderby"">      <data key=""d0"">Julius Enderby;commissaire</data>    </node>    <node id=""Jane Myers"">      <data key=""d0"">Jane Myers</data>    </node>    <node id=""Elisabeth"">      <data key=""d0"">Elisabeth</data>    </node>    <node id=""Bentley Baley"">      <data key=""d0"">Bentley;Bentley Baley</data>    </node>    <node id=""Joseph Klemin"">      <data key=""d0"">Joseph Klemin</data>    </node>    <node id=""Francis Clousarr"">      <data key=""d0"">Francis Clousarr</data>    </node>    <edge source=""Elijah Baley"" target=""Jessica Baley"">      <data key=""d1"">70</data>    </edge>    <edge source=""Elijah Baley"" target=""Daneel Olivaw"">      <data key=""d1"">62</data>    </edge>    <edge source=""Elijah Baley"" target=""Julius Enderby"">      <data key=""d1"">6</data>    </edge>    <edge source=""Elijah Baley"" target=""Jane Myers"">      <data key=""d1"">2</data>    </edge>    <edge source=""Elijah Baley"" target=""Elisabeth"">      <data key=""d1"">6</data>    </edge>    <edge source=""Elijah Baley"" target=""Bentley Baley"">      <data key=""d1"">5</data>    </edge>    <edge source=""Elijah Baley"" target=""Joseph Klemin"">      <data key=""d1"">4</data>    </edge>    <edge source=""Elijah Baley"" target=""Francis Clousarr"">      <data key=""d1"">3</data>    </edge>    <edge source=""Jessica Baley"" target=""Daneel Olivaw"">      <data key=""d1"">24</data>    </edge>    <edge source=""Jessica Baley"" target=""Julius Enderby"">      <data key=""d1"">3</data>    </edge>    <edge source=""Jessica Baley"" target=""Jane Myers"">      <data key=""d1"">2</data>    </edge>    <edge source=""Jessica Baley"" target=""Elisabeth"">      <data key=""d1"">5</data>    </edge>    <edge source=""Jessica Baley"" target=""Bentley Baley"">      <data key=""d1"">2</data>    </edge>    <edge source=""Jessica Baley"" target=""Joseph Klemin"">      <data key=""d1"">1</data>    </edge>    <edge source=""Daneel Olivaw"" target=""Julius Enderby"">      <data key=""d1"">2</data>    </edge>    <edge source=""Daneel Olivaw"" target=""Jane Myers"">      <data key=""d1"">1</data>    </edge>    <edge source=""Daneel Olivaw"" target=""Elisabeth"">      <data key=""d1"">2</data>    </edge>    <edge source=""Daneel Olivaw"" target=""Bentley Baley"">      <data key=""d1"">2</data>    </edge>    <edge source=""Daneel Olivaw"" target=""Joseph Klemin"">      <data key=""d1"">1</data>    </edge>    <edge source=""Daneel Olivaw"" target=""Francis Clousarr"">      <data key=""d1"">3</data>    </edge>    <edge source=""Jane Myers"" target=""Elisabeth"">      <data key=""d1"">2</data>    </edge>    <edge source=""Bentley Baley"" target=""Joseph Klemin"">      <data key=""d1"">1</data>    </edge>  </graph></graphml>"
lca14,"<graphml xmlns=""http://graphml.graphdrawing.org/xmlns"" xmlns:xsi=""http://www.w3.org/2001/XMLSchema-instance"" xsi:schemaLocation=""http://graphml.graphdrawing.org/xmlns http://graphml.graphdrawing.org/xmlns/1.0/graphml.xsd"">  <key id=""d1"" for=""edge"" attr.name=""weight"" attr.type=""long"" />  <key id=""d0"" for=""node"" attr.name=""names"" attr.type=""string"" />  <graph edgedefault=""undirected"">    <node id=""Elijah Baley"">      <data key=""d0"">Baley;Elijah;Elijah Baley</data>    </node>    <node id=""Francis Clousarr"">      <data key=""d0"">Francis Clousarr</data>    </node>    <node id=""Daneel Olivaw"">      <data key=""d0"">Daneel;Daneel Olivaw;R. Daneel</data>    </node>    <node id=""Julius Enderby"">      <data key=""d0"">Enderby;Julius Enderby;commissaire</data>    </node>    <node id=""Han Fastolfe"">      <data key=""d0"">Dr Fastolfe;Han Fastolfe</data>    </node>    <node id=""Sammy"">      <data key=""d0"">Sammy</data>    </node>    <node id=""Boris"">      <data key=""d0"">Boris</data>    </node>    <edge source=""Elijah Baley"" target=""Francis Clousarr"">      <data key=""d1"">3</data>    </edge>    <edge source=""Elijah Baley"" target=""Daneel Olivaw"">      <data key=""d1"">63</data>    </edge>    <edge source=""Elijah Baley"" target=""Julius Enderby"">      <data key=""d1"">18</data>    </edge>    <edge source=""Elijah Baley"" target=""Han Fastolfe"">      <data key=""d1"">2</data>    </edge>    <edge source=""Elijah Baley"" target=""Sammy"">      <data key=""d1"">13</data>    </edge>    <edge source=""Francis Clousarr"" target=""Daneel Olivaw"">      <data key=""d1"">2</data>    </edge>    <edge source=""Daneel Olivaw"" target=""Julius Enderby"">      <data key=""d1"">11</data>    </edge>    <edge source=""Daneel Olivaw"" target=""Sammy"">      <data key=""d1"">2</data>    </edge>    <edge source=""Julius Enderby"" target=""Sammy"">      <data key=""d1"">4</data>    </edge>  </graph></graphml>"
lca15,"<graphml xmlns=""http://graphml.graphdrawing.org/xmlns"" xmlns:xsi=""http://www.w3.org/2001/XMLSchema-instance"" xsi:schemaLocation=""http://graphml.graphdrawing.org/xmlns http://graphml.graphdrawing.org/xmlns/1.0/graphml.xsd"">  <key id=""d1"" for=""edge"" attr.name=""weight"" attr.type=""long"" />  <key id=""d0"" for=""node"" attr.name=""names"" attr.type=""string"" />  <graph edgedefault=""undirected"">    <node id=""Daneel Olivaw"">      <data key=""d0"">Daneel;Daneel Olivaw;R. Daneel</data>    </node>    <node id=""Francis Clousarr"">      <data key=""d0"">Francis;Francis Clousarr</data>    </node>    <node id=""Elijah Baley"">      <data key=""d0"">Baley;Elijah;Elijah Baley</data>    </node>    <node id=""Sammy"">      <data key=""d0"">Sammy</data>    </node>    <node id=""Han Fastolfe"">      <data key=""d0"">Fastolfe;Han Fastolfe</data>    </node>    <node id=""Julius Enderby"">      <data key=""d0"">Enderby;Julius;Julius Enderby;commissaire</data>    </node>    <node id=""Vince Barrett"">      <data key=""d0"">Vince Barrett</data>    </node>    <node id=""Jessica Baley"">      <data key=""d0"">Jessica Baley;Jessie</data>    </node>    <edge source=""Daneel Olivaw"" target=""Francis Clousarr"">      <data key=""d1"">4</data>    </edge>    <edge source=""Daneel Olivaw"" target=""Elijah Baley"">      <data key=""d1"">65</data>    </edge>    <edge source=""Daneel Olivaw"" target=""Sammy"">      <data key=""d1"">11</data>    </edge>    <edge source=""Daneel Olivaw"" target=""Han Fastolfe"">      <data key=""d1"">3</data>    </edge>    <edge source=""Daneel Olivaw"" target=""Julius Enderby"">      <data key=""d1"">16</data>    </edge>    <edge source=""Daneel Olivaw"" target=""Jessica Baley"">      <data key=""d1"">3</data>    </edge>    <edge source=""Francis Clousarr"" target=""Elijah Baley"">      <data key=""d1"">2</data>    </edge>    <edge source=""Elijah Baley"" target=""Sammy"">      <data key=""d1"">27</data>    </edge>    <edge source=""Elijah Baley"" target=""Han Fastolfe"">      <data key=""d1"">6</data>    </edge>    <edge source=""Elijah Baley"" target=""Julius Enderby"">      <data key=""d1"">41</data>    </edge>    <edge source=""Elijah Baley"" target=""Vince Barrett"">      <data key=""d1"">1</data>    </edge>    <edge source=""Elijah Baley"" target=""Jessica Baley"">      <data key=""d1"">6</data>    </edge>    <edge source=""Sammy"" target=""Han Fastolfe"">      <data key=""d1"">1</data>    </edge>    <edge source=""Sammy"" target=""Julius Enderby"">      <data key=""d1"">14</data>    </edge>    <edge source=""Sammy"" target=""Vince Barrett"">      <data key=""d1"">4</data>    </edge>    <edge source=""Sammy"" target=""Jessica Baley"">      <data key=""d1"">1</data>    </edge>    <edge source=""Julius Enderby"" target=""Vince Barrett"">      <data key=""d1"">3</data>    </edge>  </graph></graphml>"
lca16,"<graphml xmlns=""http://graphml.graphdrawing.org/xmlns"" xmlns:xsi=""http://www.w3.org/2001/XMLSchema-instance"" xsi:schemaLocation=""http://graphml.graphdrawing.org/xmlns http://graphml.graphdrawing.org/xmlns/1.0/graphml.xsd"">  <key id=""d1"" for=""edge"" attr.name=""weight"" attr.type=""long"" />  <key id=""d0"" for=""node"" attr.name=""names"" attr.type=""string"" />  <graph edgedefault=""undirected"">    <node id=""Elijah Baley"">      <data key=""d0"">Baley;Elijah;Elijah Baley;Lije</data>    </node>    <node id=""Roj Nemennuh Sarton"">      <data key=""d0"">Dr Sarton;Roj Nemennuh Sarton;Sarton</data>    </node>    <node id=""Daneel Olivaw"">      <data key=""d0"">Daneel;Daneel Olivaw;R. Daneel</data>    </node>    <node id=""Han Fastolfe"">      <data key=""d0"">Dr Fastolfe;Han Fastolfe</data>    </node>    <node id=""Julius Enderby"">      <data key=""d0"">Enderby;Julius Enderby;commissaire</data>    </node>    <node id=""Sammy"">      <data key=""d0"">Sammy</data>    </node>    <node id=""Jessica Baley"">      <data key=""d0"">Jessica Baley;Jessie</data>    </node>    <node id=""Francis Clousarr"">      <data key=""d0"">Francis;Francis Clousarr</data>    </node>    <edge source=""Elijah Baley"" target=""Roj Nemennuh Sarton"">      <data key=""d1"">12</data>    </edge>    <edge source=""Elijah Baley"" target=""Daneel Olivaw"">      <data key=""d1"">51</data>    </edge>    <edge source=""Elijah Baley"" target=""Han Fastolfe"">      <data key=""d1"">3</data>    </edge>    <edge source=""Elijah Baley"" target=""Julius Enderby"">      <data key=""d1"">44</data>    </edge>    <edge source=""Elijah Baley"" target=""Sammy"">      <data key=""d1"">19</data>    </edge>    <edge source=""Elijah Baley"" target=""Jessica Baley"">      <data key=""d1"">10</data>    </edge>    <edge source=""Elijah Baley"" target=""Francis Clousarr"">      <data key=""d1"">4</data>    </edge>    <edge source=""Roj Nemennuh Sarton"" target=""Daneel Olivaw"">      <data key=""d1"">4</data>    </edge>    <edge source=""Roj Nemennuh Sarton"" target=""Julius Enderby"">      <data key=""d1"">7</data>    </edge>    <edge source=""Daneel Olivaw"" target=""Han Fastolfe"">      <data key=""d1"">1</data>    </edge>    <edge source=""Daneel Olivaw"" target=""Julius Enderby"">      <data key=""d1"">11</data>    </edge>    <edge source=""Daneel Olivaw"" target=""Sammy"">      <data key=""d1"">4</data>    </edge>    <edge source=""Daneel Olivaw"" target=""Jessica Baley"">      <data key=""d1"">2</data>    </edge>    <edge source=""Daneel Olivaw"" target=""Francis Clousarr"">      <data key=""d1"">1</data>    </edge>    <edge source=""Julius Enderby"" target=""Sammy"">      <data key=""d1"">12</data>    </edge>    <edge source=""Julius Enderby"" target=""Jessica Baley"">      <data key=""d1"">7</data>    </edge>    <edge source=""Julius Enderby"" target=""Francis Clousarr"">      <data key=""d1"">3</data>    </edge>    <edge source=""Sammy"" target=""Jessica Baley"">      <data key=""d1"">8</data>    </edge>    <edge source=""Sammy"" target=""Francis Clousarr"">      <data key=""d1"">4</data>    </edge>    <edge source=""Jessica Baley"" target=""Francis Clousarr"">      <data key=""d1"">2</data>    </edge>  </graph></graphml>"
lca17,"<graphml xmlns=""http://graphml.graphdrawing.org/xmlns"" xmlns:xsi=""http://www.w3.org/2001/XMLSchema-instance"" xsi:schemaLocation=""http://graphml.graphdrawing.org/xmlns http://graphml.graphdrawing.org/xmlns/1.0/graphml.xsd"">  <key id=""d1"" for=""edge"" attr.name=""weight"" attr.type=""long"" />  <key id=""d0"" for=""node"" attr.name=""names"" attr.type=""string"" />  <graph edgedefault=""undirected"">    <node id=""Julius Enderby"">      <data key=""d0"">Enderby;Julius Enderby;commissaire</data>    </node>    <node id=""Elijah Baley"">      <data key=""d0"">Baley;Elijah;Elijah Baley;Lije</data>    </node>    <node id=""Sammy"">      <data key=""d0"">Sammy</data>    </node>    <node id=""Roj Nemennuh Sarton"">      <data key=""d0"">Dr Sarton;Roj Nemennuh Sarton;Sarton</data>    </node>    <node id=""Jessica Baley"">      <data key=""d0"">Jessica Baley;Jessie</data>    </node>    <node id=""Daneel Olivaw"">      <data key=""d0"">Daneel;Daneel Olivaw;R. Daneel</data>    </node>    <node id=""Dr Gerrigel"">      <data key=""d0"">Dr Gerrigel</data>    </node>    <node id=""Bentley Baley"">      <data key=""d0"">Bentley;Bentley Baley</data>    </node>    <node id=""Han Fastolfe"">      <data key=""d0"">Dr Fastolfe;Han Fastolfe</data>    </node>    <edge source=""Julius Enderby"" target=""Elijah Baley"">      <data key=""d1"">74</data>    </edge>    <edge source=""Julius Enderby"" target=""Sammy"">      <data key=""d1"">29</data>    </edge>    <edge source=""Julius Enderby"" target=""Roj Nemennuh Sarton"">      <data key=""d1"">54</data>    </edge>    <edge source=""Julius Enderby"" target=""Jessica Baley"">      <data key=""d1"">5</data>    </edge>    <edge source=""Julius Enderby"" target=""Daneel Olivaw"">      <data key=""d1"">88</data>    </edge>    <edge source=""Julius Enderby"" target=""Dr Gerrigel"">      <data key=""d1"">4</data>    </edge>    <edge source=""Julius Enderby"" target=""Bentley Baley"">      <data key=""d1"">5</data>    </edge>    <edge source=""Julius Enderby"" target=""Han Fastolfe"">      <data key=""d1"">8</data>    </edge>    <edge source=""Elijah Baley"" target=""Sammy"">      <data key=""d1"">17</data>    </edge>    <edge source=""Elijah Baley"" target=""Roj Nemennuh Sarton"">      <data key=""d1"">19</data>    </edge>    <edge source=""Elijah Baley"" target=""Jessica Baley"">      <data key=""d1"">5</data>    </edge>    <edge source=""Elijah Baley"" target=""Daneel Olivaw"">      <data key=""d1"">31</data>    </edge>    <edge source=""Elijah Baley"" target=""Dr Gerrigel"">      <data key=""d1"">2</data>    </edge>    <edge source=""Elijah Baley"" target=""Bentley Baley"">      <data key=""d1"">2</data>    </edge>    <edge source=""Elijah Baley"" target=""Han Fastolfe"">      <data key=""d1"">4</data>    </edge>    <edge source=""Sammy"" target=""Roj Nemennuh Sarton"">      <data key=""d1"">24</data>    </edge>    <edge source=""Sammy"" target=""Jessica Baley"">      <data key=""d1"">2</data>    </edge>    <edge source=""Sammy"" target=""Daneel Olivaw"">      <data key=""d1"">27</data>    </edge>    <edge source=""Roj Nemennuh Sarton"" target=""Jessica Baley"">      <data key=""d1"">3</data>    </edge>    <edge source=""Roj Nemennuh Sarton"" target=""Daneel Olivaw"">      <data key=""d1"">47</data>    </edge>    <edge source=""Roj Nemennuh Sarton"" target=""Dr Gerrigel"">      <data key=""d1"">1</data>    </edge>    <edge source=""Roj Nemennuh Sarton"" target=""Bentley Baley"">      <data key=""d1"">2</data>    </edge>    <edge source=""Roj Nemennuh Sarton"" target=""Han Fastolfe"">      <data key=""d1"">2</data>    </edge>    <edge source=""Jessica Baley"" target=""Daneel Olivaw"">      <data key=""d1"">5</data>    </edge>    <edge source=""Jessica Baley"" target=""Dr Gerrigel"">      <data key=""d1"">1</data>    </edge>    <edge source=""Daneel Olivaw"" target=""Dr Gerrigel"">      <data key=""d1"">8</data>    </edge>    <edge source=""Daneel Olivaw"" target=""Bentley Baley"">      <data key=""d1"">1</data>    </edge>    <edge source=""Daneel Olivaw"" target=""Han Fastolfe"">      <data key=""d1"">3</data>    </edge>  </graph></graphml>"
